排名,關鍵字,搜尋量,建議出價,更新時間
1,垃圾袋,986868,14.00,2026-4-23 04:29:04
2,手機殼,695563,12.06,2026-4-23 05:04:12
3,衛生紙,586898,11.66,2026-4-23 12:28:51
4,口罩,542829,11.92,2026-4-23 08:57:23
5,戰鬥陀螺,529281,13.86,2026-4-23 02:07:15
6,短褲,492188,12.00,2026-4-23 03:13:44
7,外套,477077,12.06,2026-4-23 04:40:30
8,洋裝,454288,13.86,2026-4-23 04:08:16
9,行動電源,449479,13.00,2026-4-23 04:38:04
10,拖鞋,449120,13.86,2026-4-22 10:49:38
11,owala 水壺,418312,11.92,2026-4-23 11:12:18
12,水壺,399676,12.06,2026-4-23 04:36:40
13,襪子,389103,12.06,2026-4-23 04:59:11
14,塑膠袋,376993,13.86,2026-4-23 04:31:24
15,安全帽,373201,13.86,2026-4-23 01:23:23
16,濕紙巾,367689,12.06,2026-4-23 04:59:16
17,雨衣,331805,12.06,2026-4-23 04:52:28
18,後背包,321720,12.06,2026-4-23 04:48:35
19,內褲,321604,11.66,2026-4-22 09:53:37
20,睡衣,320675,12.06,2026-4-23 04:45:21
21,手機掛繩,320487,13.86,2026-4-23 01:49:52
22,內衣?,316402,280.0,2024-4-26 10:11:16
23,耐熱袋,302291,13.86,2026-4-23 10:03:51
24,背心,301309,12.06,2026-4-23 05:04:49
25,耳機?,290266,92.23653,2024-4-26 10:11:16
26,電風扇,285882,12.06,2026-4-23 04:43:38
27,襯衫,283017,11.66,2026-4-23 12:26:25
28,行李箱,271413,11.92,2026-4-23 02:50:58
29,手套,269638,11.92,2026-4-23 04:04:12
30,包包,269252,13.60,2026-4-23 04:19:21
31,收納,267067,12.06,2026-4-23 04:50:13
32,衣架,261000,24.00,2026-4-23 12:46:18
33,收納盒,251947,13.86,2026-4-23 04:58:21
34,內衣,249518,20.00,2026-4-23 03:57:18
35,耳機,246307,11.92,2026-4-23 03:56:29
36,洗衣精,244541,11.92,2026-4-23 04:11:21
37,藍芽耳機,243736,11.92,2026-4-23 03:50:45
38,延長線,243469,11.92,2026-4-23 03:50:25
39,洗髮精,239190,12.06,2026-4-23 05:04:54
40,(現貨),239078,36.19753,2024-4-26 09:50:18
41,現貨!,239078,1.2,2024-4-26 09:50:18
42,[現貨],239078,36.19753,2024-4-26 09:50:18
43,現貨|,238765,119.26859,2024-4-26 10:00:18
44,防曬外套,237412,13.86,2026-4-23 01:20:24
45,apple watch 錶帶,231597,12.06,2026-4-23 04:38:13
46,錢包,229594,13.86,2026-4-22 11:02:41
47,耳環,228324,11.92,2026-4-23 04:06:15
48,牙膏,227757,11.92,2026-4-23 03:59:37
49,化妝包,226375,13.86,2026-4-23 02:17:35
50,髮夾,224302,14.00,2026-4-23 12:31:33
51,牛仔褲,222418,11.92,2026-4-23 04:15:45
52,手機支架,220429,12.06,2026-4-23 04:54:19
53,貼紙,216602,12.06,2026-4-23 04:58:03
54,皮克敏,214402,13.86,2026-4-23 07:08:29
55,owala,213052,11.92,2026-4-23 11:12:18
56,衛生棉,212895,30.00,2026-4-23 12:14:27
57,鞋櫃,207891,13.86,2026-4-23 03:08:53
58,iphone 14 pro  手機殼,205813,67.47842,2024-4-26 10:00:19
59,沐浴乳,204081,12.06,2026-4-23 05:00:29
60,短版上衣,203763,13.86,2026-4-23 01:00:41
61,拍立得,201242,13.86,2026-4-23 04:47:47
62,套裝,198911,13.86,2026-4-23 04:01:28
63,牙刷,196952,20.12,2026-4-23 12:30:51
64,鉛筆盒,196598,13.86,2026-4-23 04:44:19
65,充電線,196013,11.92,2026-4-23 04:02:47
66,項鍊,194192,11.92,2026-4-23 03:37:25
67,短袖,193959,12.06,2026-4-23 05:04:04
68,飛機杯,193936,13.86,2026-4-23 12:02:29
69,洗衣球,191479,11.92,2026-4-23 03:32:44
70,地墊,187542,12.06,2026-4-23 05:07:25
71,卡套,184499,13.86,2026-4-23 04:55:42
72,大尺碼女裝,179890,13.86,2026-4-23 02:05:08
73,洞洞鞋,179228,13.86,2026-4-23 02:23:28
74,戒指,179049,14.00,2026-4-23 04:25:33
75,手錶,178921,13.86,2026-4-23 04:46:33
76,電池,178140,13.86,2026-4-23 03:59:23
77,夾鏈袋,177768,13.86,2026-4-23 04:18:00
78,泳衣,177691,11.92,2026-4-23 03:15:59
79,垃圾桶,176608,14.00,2026-4-23 04:34:30
80,室內拖鞋,173327,13.86,2026-4-23 04:14:47
81,蓮蓬頭,173136,13.86,2026-4-23 01:11:03
82,保險套,172897,13.86,2026-4-23 09:58:00
83,防曬,172575,25.00,2026-4-23 02:58:09
84,滑鼠墊,172316,11.92,2026-4-23 02:27:04
85,除濕機,171885,16.00,2026-4-23 12:07:18
86,泡麵,169276,13.86,2026-4-23 05:00:24
87,帽子,168960,12.06,2026-4-23 05:05:58
88,門簾,168833,12.06,2026-4-23 04:37:00
89,卡冊,167935,13.86,2026-4-23 03:27:12
90,吹風機,165887,11.92,2026-4-23 03:34:17
91,零錢包,163229,12.06,2026-4-23 04:48:48
92,收納箱,162280,13.86,2026-4-23 04:46:29
93,衣櫃,162017,13.86,2026-4-23 04:53:12
94,收納櫃,161481,13.86,2026-4-23 04:39:12
95,連身裙,160843,13.86,2026-4-23 01:40:35
96,上衣,160608,11.66,2026-4-23 12:02:07
97,涼鞋,160562,13.86,2026-4-23 04:19:55
98,側背包,159109,12.06,2026-4-23 04:50:06
99,背心袋,159007,11.92,2026-4-23 03:34:53
100,小米,157921,12.06,2026-4-23 04:53:09
101,雨傘,157203,11.92,2026-4-23 03:43:38
102,杜拜巧克力,155841,13.86,2026-4-23 04:00:16
103,膠帶,155246,13.86,2026-4-23 04:47:13
104,窗簾,152899,13.86,2026-4-23 04:33:55
105,穿戴甲,152046,13.86,2026-4-23 01:57:41
106,長裙,150824,13.86,2026-4-23 04:16:12
107,彎刀褲,149583,11.92,2026-4-23 03:32:32
108,悠遊卡,147143,13.86,2026-4-23 04:10:36
109,吸塵器,146295,19.20,2026-4-23 04:15:14
110,酒精,146147,11.92,2026-4-23 02:29:05
111,洗臉巾,143778,11.92,2026-4-23 04:06:54
112,斜背包,143059,12.06,2026-4-23 05:05:24
113,switch2,142964,30.00,2026-4-23 03:18:42
114,枕頭,142603,11.92,2026-4-23 02:56:27
115,藥盒,141554,11.92,2026-4-23 03:47:15
116,長褲,138393,11.92,2026-4-23 03:34:41
117,浴室置物架,138136,13.86,2026-4-23 04:51:48
118,機車手機架,137958,11.92,2026-4-23 04:28:32
119,鍵盤,137832,12.06,2026-4-23 04:31:49
120,奇亞籽,137394,13.86,2026-4-23 12:32:52
121,淨新口罩,137202,12.06,2026-4-23 04:46:43
122,保溫杯,137075,12.06,2026-4-23 04:31:17
123,蚊帳,136451,13.86,2026-4-23 03:40:52
124,t恤,135102,12.06,2026-4-23 05:04:04
125,罩衫,135000,13.86,2026-4-23 04:36:45
126,浴巾,133585,11.92,2026-4-23 04:05:17
127,情趣用品,132908,13.86,2026-4-23 04:23:35
128,洗面乳,132784,32.00,2026-4-23 03:35:55
129,貓砂,132446,11.92,2026-4-23 11:23:19
130,手機架,131527,11.66,2026-4-23 12:18:05
131,皮帶,130870,12.06,2026-4-23 04:59:27
132,衣服,130451,14.00,2026-4-22 11:06:15
133,磁鐵,130284,13.86,2026-4-23 04:58:27
134,野餐墊,129811,13.86,2026-4-22 08:49:22
135,adidas,128741,13.86,2026-4-23 04:45:37
136,保溫瓶,128323,11.66,2026-4-23 12:21:00
137,薄外套,128226,11.92,2026-4-23 12:47:33
138,nike,127892,13.86,2026-4-23 04:37:56
139,地毯,126860,13.86,2026-4-23 04:49:14
140,玩具,126551,12.06,2026-4-23 04:42:50
141,香水,126233,14.12,2026-4-23 12:40:25
142,手機,125073,11.92,2026-4-23 04:09:09
143,床包,125019,17.80,2026-4-23 04:58:49
144,洗碗精,124393,11.66,2026-4-22 08:22:34
145,耳機殼,123937,13.86,2026-4-23 04:00:11
146,new balance,123925,13.86,2026-4-23 03:58:15
147,記憶卡,123437,11.92,2026-4-23 03:58:54
148,購物袋,121562,11.92,2026-4-23 02:26:54
149,沙發,121428,12.06,2026-4-23 04:42:47
150,beyblade x 戰鬥陀螺,120753,13.86,2026-4-23 02:30:29
151,曬衣架,120681,13.86,2026-4-23 10:06:56
152,洞洞板,120647,13.86,2026-4-23 03:45:48
153,娃包,119784,13.86,2026-4-23 12:07:29
154,小米官方旗艦店,119736,13.86,2026-4-23 05:04:17
155,????????? ??????? 小白鞋,119701,23.1322,2024-4-26 09:50:20
156,床墊,118654,12.06,2026-4-23 04:46:26
157,包包女斜背包大容量多層,118617,13.86,2026-4-23 05:25:54
158,褲子,117923,12.06,2026-4-23 04:32:27
159,airpods 4保護殼,117675,13.86,2026-4-23 01:10:00
160,星星人,117625,13.86,2026-4-23 03:20:59
161,拼豆,117487,13.86,2026-4-23 02:40:14
162,Switch,116998,13.86,2026-4-23 02:42:25
163,iphone,116956,12.66,2026-4-22 12:01:30
164,蝦皮直營生活超市,116445,13.86,2026-4-23 03:21:58
165,手鍊,115924,12.06,2026-4-23 05:00:51
166,飛機 杯,115563,13.86,2026-4-23 03:30:55
167,保鮮盒,115337,12.06,2026-4-23 04:57:59
168,毛巾,114827,11.66,2026-4-23 12:39:57
169,鞋墊,114690,11.92,2026-4-23 02:26:56
170,髮圈,114645,11.92,2026-4-23 03:58:41
171,魔芋爽,114531,13.86,2026-4-23 10:15:35
172,airpods pro 3,114278,13.84,2026-4-22 12:01:16
173,情趣內衣,112384,13.86,2026-4-23 04:33:09
174,書桌,112256,13.86,2026-4-23 05:07:30
175,背包,112215,12.06,2026-4-23 04:45:52
176,啞鈴,112020,11.92,2026-4-23 03:25:56
177,氣炸鍋,111709,11.66,2026-4-23 12:08:43
178,電蚊拍,111375,11.92,2026-4-23 01:19:11
179,貓砂盆,110765,11.92,2026-4-23 01:50:27
180,面膜,110402,38.00,2026-4-23 12:54:27
181,三麗鷗,110131,12.06,2026-4-23 04:54:46
182,ipad 保護殼,108825,11.92,2026-4-23 04:08:37
183,寶可夢,108769,13.86,2026-4-22 11:43:48
184,零食,108311,11.92,2026-4-23 10:27:06
185,鞋架,108133,13.86,2026-4-23 04:15:52
186,電腦桌,107743,31.76,2026-4-23 05:03:50
187,情趣,107738,13.86,2026-4-23 12:03:33
188,充電頭,107330,12.06,2026-4-23 04:48:21
189,捕蚊燈,107076,13.54,2026-4-23 01:19:10
190,滑鼠,106423,11.92,2026-4-23 03:49:59
191,吊飾,106367,13.86,2026-4-23 04:59:53
192,蠟筆小新,105788,13.86,2026-4-23 12:33:27
193,尿布,105590,12.06,2026-4-23 04:57:13
194,巧克力,105437,12.06,2026-4-23 04:50:08
195,折疊椅,105299,12.06,2026-4-23 05:06:24
196,磁吸,104838,12.06,2026-4-23 04:35:06
197,褲裙,104341,13.86,2026-4-23 04:20:26
198,椅子,104309,13.86,2026-4-23 04:47:22
199,牛仔短褲,104267,13.86,2026-4-23 03:18:12
200,鑰匙圈,104114,13.86,2026-4-23 04:38:36
201,iphone 17 手機殼,104086,13.86,2026-4-23 10:58:22
202,便當盒,104028,12.06,2026-4-23 05:03:42
203,保護貼,103545,11.66,2026-4-23 12:32:55
204,魚油,103148,25.46,2026-4-23 04:34:38
205,貓抓板,102709,13.86,2026-4-23 03:30:48
206,switch 遊戲片,102620,13.86,2026-4-23 04:16:19
207,雨鞋,101784,13.86,2026-4-23 05:03:55
208,運動鞋,101702,12.06,2026-4-23 05:03:47
209,安全鞋,101644,13.86,2026-4-23 12:07:32
210,筆,101381,11.92,2026-4-23 04:12:26
211,airpods  保護套,101206,59.55845,2024-4-26 09:50:21
212,apple watch,101140,12.66,2026-4-22 12:01:16
213,眼鏡,100982,12.06,2026-4-23 04:47:17
214,鏡子,100581,11.92,2026-4-23 03:53:03
215,磁吸手機殼,100260,11.92,2026-4-23 02:34:50
216,床頭櫃,100133,13.86,2026-4-23 03:50:04
217,托特包,99772,13.86,2026-4-23 04:50:25
218,墨鏡,99278,11.92,2026-4-23 04:20:33
219,風扇,99258,12.06,2026-4-23 04:43:38
220,兒童口罩,98617,12.06,2026-4-23 04:46:43
221,短裙,98608,13.86,2026-4-23 04:33:14
222,瑜珈墊,98459,12.06,2026-4-23 04:53:44
223,咖啡,98418,11.92,2026-4-23 03:08:48
224,洗衣籃,98403,14.00,2026-4-23 06:53:27
225,剪刀,98252,13.86,2026-4-23 03:13:35
226,無印良品,98072,11.92,2026-4-23 02:44:45
227,高跟鞋,98065,13.86,2026-4-23 05:01:44
228,樂高,98032,13.86,2026-4-23 05:03:42
229,工作褲,97747,11.92,2026-4-23 10:19:36
230,腮紅,97639,99.16,2026-4-23 03:59:56
231,梳子,97624,13.86,2026-4-23 03:50:18
232,畢業花束,97453,13.86,2026-4-22 10:09:07
233,掛鉤,97156,13.86,2026-4-23 04:24:23
234,筆袋,96842,13.86,2026-4-23 04:44:19
235,牙線,96826,11.92,2026-4-23 03:13:21
236,粉撲,96683,58.28,2026-4-23 04:52:38
237,電腦椅,96539,20.00,2026-4-23 03:54:49
238,拍立得底片,95891,13.86,2026-4-23 12:08:57
239,懶人鞋,95680,13.86,2026-4-23 02:50:27
240,便當袋,95423,13.86,2026-4-23 12:14:25
241,時鐘,95413,13.86,2026-4-23 04:51:13
242,掛勾,95355,16.00,2026-4-23 04:24:23
243,iPad,95084,13.84,2026-4-22 12:01:30
244,床單\,94585,96.08919,2024-4-26 10:00:22
245,日系女裝,94324,13.86,2026-4-23 03:00:52
246,水龍頭,94120,13.86,2026-4-23 04:58:09
247,存錢筒,93820,13.86,2026-4-23 02:16:43
248,收納袋,93667,11.66,2026-4-22 10:21:54
249,磁吸手機架,93345,11.92,2026-4-23 03:12:51
250,寶可夢卡牌,92953,13.86,2026-4-23 04:06:03
251,投影機,92917,13.86,2026-4-23 04:54:48
252,防蚊門簾,92841,13.86,2026-4-23 02:31:49
253,沙發床,92634,26.00,2026-4-23 04:13:07
254,麵包絲,92622,13.86,2026-4-23 12:37:48
255,眼影,92612,100.00,2026-4-23 05:03:15
256,印章,92527,13.86,2026-4-23 02:49:41
257,置物架,92249,12.06,2026-4-23 04:44:24
258,袖套,92218,13.86,2026-4-23 01:44:28
259,姓名貼,92166,13.84,2026-4-22 01:44:13
260,七分褲,92128,13.84,2026-4-22 03:49:58
261,燈,92105,11.92,2026-4-23 04:23:27
262,保久乳,91614,13.86,2026-4-23 12:48:03
263,推車,91266,13.86,2026-4-23 12:34:24
264,電動腳踏車,90971,13.86,2026-4-23 02:59:43
265,跳蛋,90912,13.86,2026-4-23 09:42:20
266,洗衣機,90078,12.06,2026-4-23 04:54:26
267,全身鏡,89807,13.86,2026-4-22 11:38:25
268,吸管,89754,11.92,2026-4-23 02:12:03
269,廚房紙巾,89628,11.92,2026-4-23 02:29:03
270,拖把,89523,12.06,2026-4-23 04:46:04
271,空氣清淨機,89178,16.00,2026-4-23 08:26:21
272,運動短褲,89140,11.92,2026-4-23 09:28:10
273,筆記本,89074,13.86,2026-4-23 05:02:03
274,露營椅,88973,12.06,2026-4-23 04:30:57
275,小夜燈,88821,12.06,2026-4-23 05:01:38
276,口罩 台灣製,88813,13.86,2026-4-23 04:49:19
277,監視器,88721,12.06,2026-4-23 04:29:22
278,遮陽帽,88709,11.92,2026-4-23 03:42:29
279,蕾絲上衣,88585,13.86,2026-4-22 11:51:54
280,打火機,88475,13.86,2026-4-23 04:02:59
281,手提袋,88299,13.86,2026-4-23 04:32:49
282,痛包,88144,13.86,2026-4-23 03:26:09
283,牛仔外套,88108,13.86,2026-4-23 09:00:28
284,床架,88085,13.86,2026-4-23 04:42:03
285,沙發套,87192,13.86,2026-4-23 04:11:49
286,漱口水,87083,20.00,2026-4-23 03:24:16
287,鞋子,87043,14.00,2026-4-23 04:13:40
288,現貨,86906,11.66,2026-4-23 12:24:10
289,髮箍,86857,13.86,2026-4-23 03:47:26
290,菜瓜布,86783,11.92,2026-4-23 02:48:58
291,桌墊,86733,13.86,2026-4-23 03:39:33
292,痘痘貼,86696,11.92,2026-4-23 03:06:44
293,dhc,86658,13.86,2026-4-23 04:48:42
294,iphone 17,86479,12.66,2026-4-22 12:01:16
295,寬褲,86150,11.92,2026-4-23 03:44:02
296,Jellycat,86021,13.86,2026-4-23 05:07:28
297,圍裙,85956,12.06,2026-4-23 04:42:13
298,折疊桌,85416,13.86,2026-4-23 04:06:30
299,冰箱,85401,13.86,2026-4-23 04:59:35
300,籃球鞋,85380,13.86,2026-4-23 04:39:22
301,保鮮膜,85317,13.86,2026-4-23 12:24:16
302,保冷袋,85290,13.86,2026-4-23 05:07:15
303,腰包,85266,12.06,2026-4-23 04:52:35
304,抹布,85208,11.66,2026-4-22 11:39:26
305,喇叭褲,84891,13.86,2026-4-23 05:05:46
306,棉褲,84597,11.92,2026-4-23 02:11:23
307,魚缸,84514,13.86,2026-4-23 12:04:26
308,床單,84426,12.06,2026-4-23 04:58:49
309,咖啡豆,84378,11.92,2026-4-23 01:44:21
310,藍芽喇叭,84096,19.20,2026-4-23 04:23:23
311,工裝褲,83939,12.06,2026-4-23 05:01:51
312,Airpods,83401,12.66,2026-4-22 12:01:30
313,蝦皮特選官方直營,83165,13.86,2026-4-23 03:21:58
314,涼被,83116,12.06,2026-4-23 04:40:33
315,女裝,82830,20.00,2026-4-23 01:36:43
316,泡泡瑪特,82794,13.86,2026-4-23 03:38:22
317,真空壓縮袋,82692,13.86,2026-4-23 11:59:29
318,短袖T恤,82607,11.66,2026-4-23 12:44:28
319,oppo,82287,13.86,2026-4-23 05:07:13
320,洗衣袋,81939,13.86,2026-4-23 01:19:24
321,蛋白粉,81883,13.86,2026-4-23 04:18:25
322,眼罩,81512,12.06,2026-4-23 04:54:31
323,隨身碟,81346,13.86,2026-4-23 02:48:41
324,冰霸杯,81090,13.86,2026-4-23 04:30:19
325,護膝,80984,11.92,2026-4-23 01:32:25
326,手機包,80573,11.92,2026-4-23 03:06:36
327,西裝褲,80508,13.86,2026-4-23 04:10:59
328,坐墊,80486,11.66,2026-4-23 12:39:03
329,筆電,80258,12.06,2026-4-23 05:04:34
330,手電筒,80211,13.86,2026-4-23 12:23:30
331,長夾,79507,11.92,2026-4-23 04:14:23
332,破壞袋,79369,13.86,2026-4-23 04:15:59
333,茄芷袋,79338,13.86,2026-4-23 10:56:32
334,棉花棒,79242,13.86,2026-4-23 04:04:53
335,大耳狗,79028,12.06,2026-4-23 04:54:46
336,計算機,78952,13.86,2026-4-23 04:21:58
337,彈力帶,78914,13.86,2026-4-23 02:07:52
338,SSD,78809,12.00,2026-4-23 03:16:56
339,益生菌,78532,16.56,2026-4-23 04:45:23
340,運動內衣,78321,20.00,2026-4-23 03:56:10
341,護髮,78179,11.92,2026-4-23 03:51:04
342,owala 官方旗艦店,77735,13.86,2026-4-23 05:00:13
343,屈臣氏,77695,11.92,2026-4-23 07:33:41
344,美式上衣,77261,13.86,2026-4-23 10:18:59
345,鯊魚夾,76571,13.86,2026-4-23 12:56:49
346,airpods pro 2,76562,12.66,2026-4-22 12:01:16
347,裙子,76516,13.86,2026-4-23 04:33:14
348,廚房置物架,76500,14.00,2026-4-23 12:33:35
349,餅乾,76410,13.86,2026-4-23 04:51:26
350,即期,76333,11.66,2026-4-23 12:01:16
351,耳塞,76142,11.92,2026-4-23 03:30:00
352,瑪莉珍鞋,75978,13.86,2026-4-23 05:03:30
353,桌子,75763,13.86,2026-4-23 12:07:17
354,帆布包,75494,13.86,2026-4-23 02:18:35
355,COACH,75446,13.86,2026-4-23 04:06:00
356,護照套,75335,11.92,2026-4-23 03:20:22
357,電視櫃,74795,13.86,2026-4-23 12:48:16
358,微波爐,74723,13.86,2026-4-23 01:27:05
359,短袖襯衫,74716,13.86,2026-4-23 04:29:00
360,小可愛,74696,13.86,2026-4-23 03:38:07
361,kitty,74587,45.44,2026-4-23 04:34:33
362,拖鞋女外出,74550,13.86,2026-4-23 11:26:47
363,iphone  手機殼,74445,49.193,2024-4-26 10:00:25
364,花盆,74344,13.86,2026-4-23 04:49:54
365,相機,74325,11.92,2026-4-23 04:19:50
366,刮鬍刀,74273,12.06,2026-4-23 04:49:29
367,casetify 手機殼,74117,13.86,2026-4-23 02:03:24
368,潤滑液,73763,13.86,2026-4-23 04:45:16
369,辣條,73706,13.86,2026-4-23 02:26:21
370,鏡頭貼,73252,13.86,2026-4-22 10:56:57
371,蝦皮直營,73135,13.86,2026-4-23 12:01:16
372,頭燈,72965,12.06,2026-4-23 04:45:28
373,短袖上衣,72955,11.66,2026-4-22 10:01:13
374,比基尼,72787,11.66,2026-4-22 11:47:49
375,樂福鞋,72620,13.86,2026-4-23 03:24:09
376,保溫袋,72453,13.86,2026-4-23 05:07:15
377,平板,72357,11.92,2026-4-23 03:25:30
378,貓飼料,72330,13.86,2026-4-23 03:50:50
379,相框,72190,12.06,2026-4-23 04:53:27
380,工具箱,72018,11.92,2026-4-23 12:40:50
381,護手霜,72013,45.60,2026-4-23 03:28:31
382,吸頂燈,71918,12.06,2026-4-23 04:39:44
383,行李袋,71858,13.86,2026-4-22 11:17:49
384,防蚊液,71718,11.92,2026-4-23 10:11:27
385,吉伊卡哇,71707,14.00,2026-4-23 03:56:33
386,馬克杯,71679,13.86,2026-4-23 04:40:14
387,腳踏車,71662,20.00,2026-4-23 04:58:41
388,短袖t恤女,71463,13.86,2026-4-23 01:50:01
389,性感睡衣,71306,13.86,2026-4-23 04:58:18
390,防蚊,71293,11.66,2026-4-23 12:19:23
391,女鞋,71153,11.92,2026-4-23 04:19:23
392,保潔墊,71094,11.92,2026-4-23 02:54:22
393,遮瑕,70951,11.92,2026-4-23 02:29:48
394,康是美,70819,13.86,2026-4-23 12:01:55
395,攪拌杯,70539,12.06,2026-4-23 04:40:26
396,牙刷架,70340,13.86,2026-4-23 01:37:28
397,s26 ultra 手機殼,70056,13.86,2026-4-23 03:27:34
398,假髮,69976,13.86,2026-4-23 05:07:30
399,洗手乳,69799,11.92,2026-4-23 04:27:38
400,nike 鞋,69716,13.86,2026-4-23 04:26:17
401,懶人沙發,69603,13.86,2026-4-23 04:13:06
402,櫃子,69264,13.86,2026-4-23 04:51:58
403,PUMA,69116,13.86,2026-4-23 04:48:57
404,開心果醬,69089,13.86,2026-4-23 05:01:46
405,mini gt,68867,13.86,2026-4-23 04:36:35
406,電子秤,68844,11.92,2026-4-23 03:53:18
407,CANMAKE,68491,88.26,2026-4-23 04:15:49
408,air speace,68393,13.86,2026-4-23 06:41:56
409,展示櫃,68273,12.06,2026-4-23 04:47:54
410,大尺碼洋裝,68242,13.86,2026-4-23 08:00:21
411,the  north face,68212,175.61706,2024-4-26 10:00:25
412,馬桶,68161,14.00,2026-4-23 02:39:45
413,貓,68129,12.06,2026-4-23 04:49:02
414,cortis,67939,13.86,2026-4-22 09:05:47
415,內 褲 女,67890,13.86,2026-4-23 03:43:59
416,史努比,67861,12.06,2026-4-23 04:33:38
417,檯燈,67816,11.92,2026-4-23 01:21:24
418,售後,67813,13.86,2026-4-23 05:03:52
419,自動鉛筆,67672,13.86,2026-4-23 01:28:22
420,nike 襪子,67651,24.84,2026-4-23 10:02:04
421,飲料提袋,67584,13.86,2026-4-23 05:07:16
422,蚊香,67508,13.86,2026-4-23 12:35:04
423,馬桶刷,67185,14.00,2026-4-23 12:23:54
424,螢幕增高架,67157,13.86,2026-4-23 04:15:35
425,皮夾,67120,12.06,2026-4-23 04:48:47
426,手提包,67103,13.86,2026-4-23 04:50:25
427,碗,67004,13.86,2026-4-23 12:17:24
428,娃娃,66905,13.86,2026-4-23 12:13:40
429,浩肯包,66863,13.86,2026-4-23 11:01:08
430,籃球,66647,11.92,2026-4-23 10:40:08
431,紙箱,66455,13.86,2026-4-23 03:50:59
432,蒜頭,66386,13.86,2026-4-23 04:37:27
433,護唇膏,66361,14.66,2026-4-22 10:28:46
434,快煮鍋,66299,11.92,2026-4-23 03:24:47
435,書櫃,66266,13.86,2026-4-23 03:05:18
436,短夾,66262,11.92,2026-4-23 03:55:57
437,美工刀,66203,13.86,2026-4-23 03:18:38
438,按摩棒,65679,13.86,2026-4-23 01:04:00
439,過碳酸鈉,65598,13.86,2026-4-23 02:58:23
440,茶几,65295,13.86,2026-4-23 04:07:30
441,文具,65226,13.86,2026-4-23 01:37:04
442,護墊,65112,11.66,2026-4-23 04:29:26
443,apple watch 保護殼,64970,13.86,2026-4-23 03:54:35
444,書架,64925,11.92,2026-4-23 03:05:18
445,凡士林,64809,13.86,2026-4-23 05:00:19
446,抱枕,64684,11.66,2026-4-22 11:37:59
447,耀西爆米花桶,64666,13.86,2026-4-23 12:26:00
448,卸妝,64634,29.20,2026-4-22 11:19:21
449,枕頭套,64412,11.92,2026-4-23 03:00:13
450,吊帶褲,64338,13.86,2026-4-23 04:19:45
451,湯匙,64312,13.86,2026-4-23 12:19:26
452,TWICE,64281,13.86,2026-4-23 01:55:23
453,刷具,63943,38.66,2026-4-23 03:45:55
454,循環扇,63921,11.92,2026-4-23 03:13:58
455,後照鏡,63900,13.86,2026-4-23 04:49:59
456,帳篷,63744,13.86,2026-4-23 04:38:57
457,充電,63742,12.06,2026-4-23 04:52:40
458,鞋,63696,13.86,2026-4-23 04:13:41
459,coach包,63635,13.86,2026-4-23 04:06:00
460,露肩上衣,63588,13.86,2026-4-23 03:25:06
461,化妝水,63551,19.50,2026-4-23 04:50:28
462,支架,63531,11.92,2026-4-23 02:33:32
463,蕾絲背心,63458,13.86,2026-4-23 12:03:07
464,童鞋,63347,13.86,2026-4-23 04:35:41
465,兒童水壺,63256,13.86,2026-4-23 04:42:45
466,眉筆,63152,21.28,2026-4-23 03:43:33
467,電動牙刷,63103,20.14,2026-4-23 04:07:56
468,西裝外套,63098,13.86,2026-4-22 11:30:40
469,化妝鏡,63051,11.92,2026-4-23 11:02:39
470,厚底拖鞋,62952,11.66,2026-4-23 12:03:24
471,拼圖,62844,13.86,2026-4-23 04:56:54
472,磁吸行動電源,62651,11.92,2026-4-23 11:24:19
473,iphone 14   手機殼,62588,101.54327,2024-4-26 10:00:29
474,iphone 14  手機殼,62588,100.29312,2024-4-26 10:00:29
475,離子夾,62543,11.92,2026-4-23 04:06:24
476,雙鳳牌 耐熱袋,62386,13.84,2026-4-22 03:56:20
477,S25,62358,13.86,2026-4-23 11:13:22
478,車用手機架,62308,12.06,2026-4-23 04:46:17
479,type c 充電線,62275,13.86,2026-4-23 04:59:46
480,書包,62248,11.92,2026-4-23 01:35:22
481,3m,62233,11.92,2026-4-23 02:59:37
482,強力磁鐵,62064,13.86,2026-4-23 03:34:19
483,張凌赫,62011,13.86,2026-4-23 04:33:21
484,刷,61985,13.86,2026-4-23 04:55:00
485,海苔,61862,13.86,2026-4-23 02:16:08
486,nbr 手套,61741,13.86,2026-4-23 09:12:32
487,搖搖杯,61696,12.06,2026-4-23 04:40:25
488,水管,61581,12.06,2026-4-23 04:35:48
489,禮服,61528,13.86,2026-4-23 04:39:29
490,airpods 4,61526,13.84,2026-4-22 12:01:37
491,包,61423,12.06,2026-4-23 05:07:18
492,肥皂,61286,12.06,2026-4-23 05:00:01
493,貓跳台,61272,13.86,2026-4-23 01:12:25
494,衣帽架,61137,13.86,2026-4-23 04:34:35
495,小冰箱,61031,13.86,2026-4-23 04:19:33
496,小米行動電源,60892,13.86,2026-4-23 01:38:55
497,PS5,60813,11.66,2026-4-22 06:46:40
498,袋,60791,12.06,2026-4-23 04:31:22
499,17pro 手機殼,60682,11.92,2026-4-23 03:01:52
500,小米手錶,60539,11.92,2026-4-23 02:34:40
501,貓罐頭,60535,12.06,2026-4-23 04:34:08
502,假睫毛,60494,11.92,2026-4-23 11:44:24
503,襪,60492,12.06,2026-4-23 04:59:11
504,太陽眼鏡,60481,11.92,2026-4-23 01:47:49
505,底片相機,60389,13.86,2026-4-23 04:59:51
506,洗衣,60376,12.00,2026-4-23 03:32:44
507,白色洋裝,60312,13.86,2026-4-23 02:45:47
508,有線耳機,60229,11.92,2026-4-23 03:43:52
509,乳液,60169,110.00,2026-4-23 04:32:24
510,防曬手套,60161,11.92,2026-4-23 01:04:14
511,無線滑鼠,60081,11.92,2026-4-23 03:49:59
512,愛迪達,60075,13.86,2026-4-23 04:45:38
513,葉黃素,60032,13.86,2026-4-23 05:03:00
514,布丁狗,59815,12.06,2026-4-23 04:54:46
515,花知曉,59753,89.10,2026-4-22 07:42:52
516,涼感,59729,11.92,2026-4-23 03:24:28
517,蜜粉,59717,12.06,2026-4-23 04:54:58
518,感應燈,59677,11.66,2026-4-22 12:50:00
519,"鋼彈,",59633,19.51708,2024-4-26 10:00:29
520,韓系上衣,59632,13.86,2026-4-23 10:39:24
521,皮克敏娃娃,59589,13.86,2026-4-23 11:38:57
522,小白鞋,59253,11.92,2026-4-23 12:53:03
523,雪紡上衣,59218,13.86,2026-4-23 01:22:03
524,橡皮擦,59114,13.86,2026-4-23 03:37:32
525,張 淩 赫 周邊,58978,13.86,2026-4-23 04:06:08
526,#兒童,58897,32.32069,2024-4-26 10:00:30
527,耳夾,58773,11.92,2026-4-23 03:19:57
528,adidas 外套,58701,13.86,2026-4-23 01:02:49
529,沙發墊,58690,13.86,2026-4-23 04:41:15
530,短袖上衣女,58557,13.86,2026-4-23 01:50:01
531,橄欖油,58552,13.86,2026-4-23 03:18:14
532,錶帶,58257,13.86,2026-4-23 04:38:14
533,老爹鞋,58200,13.86,2026-4-23 05:03:47
534,短褲女,58088,13.86,2026-4-23 09:53:39
535,防風外套,57883,11.92,2026-4-23 12:17:01
536,米,57807,13.86,2026-4-23 03:07:56
537,棒球手套,57670,13.86,2026-4-23 03:19:19
538,愛迪達外套,57538,13.86,2026-4-23 01:02:49
539,電動滑板車,57353,13.86,2026-4-23 12:17:09
540,肌酸,57292,13.86,2026-4-23 12:52:24
541,陀螺,57288,13.86,2026-4-23 02:07:15
542,兩件式雨衣,57151,11.92,2026-4-23 12:30:52
543,收納包,57084,13.86,2026-4-23 04:23:00
544,顯瘦套裝,57081,13.86,2026-4-23 03:55:28
545,乳清蛋白,56999,11.92,2026-4-23 04:26:37
546,nike  dunk,56999,32.82899,2024-4-26 10:11:29
547,kate,56997,25.00,2026-4-23 05:40:56
548,積木,56979,13.86,2026-4-23 03:09:54
549,公仔展示盒,56978,13.86,2026-4-23 04:52:21
550,帆布袋,56946,13.86,2026-4-23 02:18:35
551,睡衣女,56917,13.86,2026-4-23 02:05:40
552,兒童拖鞋,56710,13.86,2026-4-23 03:04:28
553,漁夫帽,56663,12.06,2026-4-23 05:05:58
554,酒店衣服,56610,13.86,2026-4-23 04:11:52
555,手持電風扇,56573,11.92,2026-4-23 10:00:47
556,杯子,56498,12.06,2026-4-23 04:40:14
557,雞胸肉,56473,12.06,2026-4-23 05:01:56
558,oppo  手機殼,56428,17.31882,2024-4-26 10:11:30
559,體重計,56394,11.92,2026-4-23 04:02:02
560,褲,56389,11.92,2026-4-23 03:30:12
561,芙莉蓮,56369,13.86,2026-4-23 02:44:57
562,筆電包,56361,11.92,2026-4-23 01:21:49
563,側背包男,56240,13.86,2026-4-23 04:45:35
564,飲水機,56101,11.66,2026-4-22 10:05:15
565,麥克風,55921,25.00,2026-4-23 04:54:29
566,防水,55867,12.06,2026-4-23 04:50:23
567,杜拜 巧克力 q餅,55828,13.86,2026-4-23 11:26:56
568,絲襪,55794,11.92,2026-4-23 02:31:02
569,長洋裝,55786,13.86,2026-4-23 03:52:10
570,手套 pvc 無粉,55658,13.86,2026-4-23 09:12:32
571,iphone 17 pro,55630,19.00,2026-4-22 12:01:41
572,口紅,55622,121.52,2026-4-23 03:41:37
573,電腦包,55533,11.92,2026-4-23 01:21:49
574,眼鏡盒,55529,13.86,2026-4-23 10:26:53
575,s25 ultra 手機殼,55455,13.86,2026-4-23 03:27:34
576,黃金,55443,13.86,2026-4-23 04:29:46
577,香皂,55415,11.66,2026-4-23 12:39:23
578,相機包,55322,13.86,2026-4-23 03:10:10
579,螺絲,55305,13.86,2026-4-23 03:36:30
580,伸縮桿,55299,13.86,2026-4-23 03:53:39
581,夾子,55266,13.86,2026-4-23 04:56:23
582,行充,55248,12.06,2026-4-23 04:38:03
583,鬧鐘,55175,11.92,2026-4-23 04:28:27
584,水桶包,55166,13.86,2026-4-23 01:48:56
585,公路車,54995,13.86,2026-4-23 04:44:28
586,理膚寶水,54991,11.92,2026-4-23 01:22:46
587,棒球帽,54893,13.86,2026-4-23 03:59:58
588,小米監視器,54870,12.06,2026-4-23 04:53:10
589,髮簪,54854,13.86,2026-4-23 02:06:17
590,吊帶裙,54841,13.86,2026-4-23 12:20:22
591,果汁機,54840,11.92,2026-4-23 01:48:46
592,防曬帽,54707,11.92,2026-4-23 03:42:29
593,掛繩,54542,13.86,2026-4-23 01:49:52
594,A56,54518,11.92,2026-4-23 12:44:41
595,旗袍,54501,13.86,2026-4-23 04:45:42
596,女生上衣,54435,13.86,2026-4-23 04:56:43
597,假兩件上衣,54414,13.86,2026-4-23 02:01:12
598,藍牙耳機,54371,11.92,2026-4-23 03:38:46
599,好神拖,54200,13.86,2026-4-23 02:51:51
600,太陽能戶外燈,54100,13.86,2026-4-23 01:13:35
601,躺椅,54099,14.86,2026-4-23 02:34:26
602,染髮劑,54046,11.92,2026-4-23 02:32:15
603,化妝品收納盒,54020,13.86,2026-4-23 10:44:56
604,行動電源 可上飛機 台灣製,53996,13.86,2026-4-23 03:44:30
605,旅行袋,53836,14.00,2026-4-23 04:44:48
606,針織外套,53821,11.92,2026-4-23 12:51:25
607,電競椅,53765,11.92,2026-4-23 03:54:49
608,工作鞋,53762,11.92,2026-4-23 03:39:59
609,短版外套,53540,13.86,2026-4-23 03:17:15
610,筷子,53474,13.86,2026-4-23 04:39:54
611,面紙盒,53390,11.92,2026-4-23 01:41:56
612,高壓清洗機,53383,11.92,2026-4-23 12:32:10
613,牛仔裙,53335,11.92,2026-4-23 01:02:18
614,餐袋,53242,13.86,2026-4-23 12:14:26
615,露營燈,53133,13.86,2026-4-23 12:44:04
616,媽媽包,53092,13.86,2026-4-23 08:03:59
617,水槍,53051,13.86,2026-4-23 03:01:27
618,蛋糕裙,52917,13.86,2026-4-23 03:05:04
619,貓眼,52839,13.86,2026-4-23 11:28:49
620,床包組,52796,12.06,2026-4-23 04:58:49
621,滑板??,52792,88.1088,2024-4-26 10:11:31
622,obge,52771,17.76,2026-4-23 06:16:47
623,生日禮物,52681,40.00,2026-4-23 04:42:18
624,碎花洋裝,52451,13.86,2026-4-23 04:08:16
625,壁貼,52388,13.86,2026-4-22 11:30:11
626,queen shop,52385,13.86,2026-4-23 02:16:18
627,玻璃杯,52355,13.86,2026-4-23 04:40:14
628,補蚊燈,52324,11.92,2026-4-23 01:19:10
629,白沙屯媽祖結緣品2026,52163,13.86,2026-4-23 04:16:29
630,定妝噴霧,52062,13.86,2026-4-23 02:28:14
631,蠟燭,51999,13.86,2026-4-23 05:02:28
632,涼鞋女,51983,13.86,2026-4-23 12:02:46
633,遙控車,51982,13.86,2026-4-23 02:52:25
634,Vivo,51953,13.86,2026-4-23 04:57:33
635,原子筆,51856,13.86,2026-4-23 04:12:25
636,hoka,51817,13.86,2026-4-23 08:08:56
637,毛線,51805,13.86,2026-4-23 01:48:21
638,涼感褲,51722,11.66,2026-4-22 11:14:32
639,五指襪,51587,11.92,2026-4-23 02:27:59
640,nike官方旗艦店,51503,13.86,2026-4-23 04:37:56
641,鞋帶,51442,13.86,2026-4-23 01:18:35
642,髮油,51375,12.06,2026-4-23 04:53:15
643,Solone,51286,97.52,2026-4-23 01:55:09
644,喇叭,51214,11.66,2026-4-22 11:29:47
645,塔羅牌,51214,13.86,2026-4-23 04:47:03
646,前開式行李箱,51181,11.92,2026-4-23 03:15:26
647,三星,51158,12.06,2026-4-23 04:48:23
648,電腦螢幕,51128,12.06,2026-4-23 05:02:01
649,免洗內褲,51107,13.86,2026-4-23 12:00:13
650,美樂蒂,51090,13.86,2026-4-23 04:41:20
651,蕎麥麵,51063,13.86,2026-4-23 04:19:19
652,磁吸支架,51040,11.92,2026-4-23 03:12:51
653,化妝棉,50934,12.00,2026-4-23 04:06:53
654,高跟涼鞋,50887,13.86,2026-4-23 04:01:45
655,tomica,50756,13.86,2026-4-23 04:34:56
656,電動螺絲起子,50693,13.86,2026-4-23 03:14:20
657,skechers 女鞋,50653,11.92,2026-4-23 03:11:53
658,筆筒,50425,13.86,2026-4-23 05:04:27
659,鞋袋,50405,13.86,2026-4-23 01:39:18
660,防蚊掛片,50402,13.86,2026-4-23 03:38:27
661,nike  外套,50278,1.44134,2024-4-26 10:11:33
662,韓國手機殼,49942,11.92,2026-4-23 01:32:19
663,BTS,49905,13.86,2026-4-23 12:27:53
664,電鍋,49898,11.92,2026-4-23 12:18:15
665,標籤機,49832,13.86,2026-4-23 04:12:08
666,杯墊,49831,13.86,2026-4-23 04:27:26
667,慢跑鞋,49788,13.86,2026-4-23 02:10:04
668,咖啡杯,49696,11.92,2026-4-23 02:17:46
669,史迪奇,49470,13.86,2026-4-22 10:37:02
670,鍵帽,49440,13.86,2026-4-23 04:33:36
671,公仔,49405,13.86,2026-4-23 05:05:44
672,飛機盒,49321,13.86,2026-4-23 03:51:00
673,羽球拍,49275,13.86,2026-4-23 11:04:38
674,switch 2 收納包,49224,13.86,2026-4-23 02:34:52
675,厚底鞋,49173,13.86,2026-4-23 02:48:06
676,桌遊,49112,13.86,2026-4-23 02:37:39
677,棉被收納袋,49108,13.86,2026-4-23 12:06:07
678,保險箱,49091,12.06,2026-4-23 04:37:17
679,泡腳桶,48980,12.06,2026-4-23 04:53:00
680,眼影盤,48956,100.00,2026-4-23 02:19:54
681,化妝台,48841,13.86,2026-4-23 04:41:51
682,升降桌,48835,11.66,2026-4-23 03:34:07
683,裙,48829,13.86,2026-4-23 02:28:24
684,運動長褲,48818,12.06,2026-4-23 04:32:27
685,戰鬥陀螺 x,48816,13.86,2026-4-23 01:08:03
686,行車記錄器 汽車,48802,13.86,2026-4-23 12:20:16
687,膠原蛋白,48628,25.00,2026-4-23 04:53:42
688,寵物尿布墊,48588,11.92,2026-4-23 12:17:19
689,屏風,48536,13.86,2026-4-23 02:51:40
690,owala 好市多,48497,13.86,2026-4-23 08:42:33
691,防曬乳,48438,16.00,2026-4-23 02:58:09
692,花瓶,48434,13.86,2026-4-23 04:39:17
693,大尺碼睡衣,48382,13.86,2026-4-23 05:07:01
694,水晶手鍊,48314,13.86,2026-4-23 04:47:27
695,咖啡機,48119,11.92,2026-4-23 04:06:37
696,包包女斜背包,48102,13.86,2026-4-23 04:00:23
697,浴簾,48078,11.92,2026-4-23 01:23:11
698,護腕,48049,11.92,2026-4-23 08:29:12
699,蝦皮衛生紙,48002,11.92,2026-4-23 10:37:06
700,小眾設計感上衣,47927,13.86,2026-4-23 01:06:20
701,磁力片,47912,11.92,2026-4-23 02:09:08
702,拍立得相機,47905,13.86,2026-4-23 04:47:47
703,運動上衣,47877,11.92,2026-4-23 02:15:10
704,機車行車記錄器,47872,13.86,2026-4-23 05:05:04
705,水杯,47829,11.92,2026-4-23 01:24:33
706,衛生紙 一箱 便宜,47799,13.86,2026-4-23 12:23:52
707,義美,47792,13.86,2026-4-23 10:17:20
708,庫洛米,47765,12.06,2026-4-23 04:41:20
709,女童套裝,47746,13.86,2026-4-23 02:27:10
710,充電電池,47729,13.86,2026-4-23 02:46:18
711,微樂客,47597,13.86,2026-4-23 12:20:36
712,男鞋,47544,13.86,2026-4-23 04:31:29
713,濾網,47481,11.66,2026-4-22 10:51:32
714,指甲油,47444,12.06,2026-4-23 04:40:04
715,擦手紙,47416,11.92,2026-4-23 11:48:07
716,asics,47391,13.86,2026-4-23 12:21:41
717,運動套裝,47169,13.86,2026-4-23 04:01:29
718,丙烯馬克筆,47167,13.86,2026-4-23 03:16:22
719,指甲剪,47159,11.92,2026-4-23 04:17:14
720,層架,47084,13.86,2026-4-23 04:44:24
721,配方時代,47041,13.86,2026-4-23 06:23:53
722,樂扣樂扣,47002,11.92,2026-4-23 04:00:42
723,貍想世界 周邊,46989,13.86,2026-4-23 04:08:59
724,e sim 日本,46984,13.86,2026-4-23 03:54:59
725,設計感套裝,46941,13.86,2026-4-23 03:55:28
726,蕾絲,46895,13.86,2026-4-23 04:44:55
727,打氣機,46863,13.86,2026-4-23 04:44:21
728,花,46764,12.06,2026-4-23 05:06:51
729,日光溫泉會館,46732,13.86,2026-4-23 05:04:36
730,3coins,46725,13.86,2026-4-23 02:47:21
731,泡麵碗,46722,13.86,2026-4-22 11:14:39
732,杜拜巧克力 正版,46667,13.86,2026-4-23 04:00:16
733,帽,46630,12.06,2026-4-23 05:05:58
734,垃圾袋中,46607,13.86,2026-4-23 04:29:04
735,貓籠,46575,13.84,2026-4-22 10:44:32
736,充電器,46462,12.06,2026-4-23 04:52:40
737,鳥籠,46438,13.86,2026-4-23 02:39:22
738,轉接頭,46435,12.06,2026-4-23 05:05:51
739,森林家族,46324,13.86,2026-4-22 11:26:48
740,捲尺,46315,13.86,2026-4-23 03:48:15
741,洋芋片,46311,13.86,2026-4-23 04:08:32
742,快充頭,46257,11.92,2026-4-23 01:49:57
743,犀牛盾,46185,11.92,2026-4-23 03:57:32
744,餐具,46179,12.06,2026-4-23 04:42:38
745,蝴蝶結,46177,11.92,2026-4-23 04:16:09
746,3m 牙線棒,46100,13.86,2026-4-23 03:13:21
747,壓克力板,45977,13.86,2026-4-23 02:45:28
748,咒術迴戰,45950,13.86,2026-4-23 04:42:54
749,小米手環10,45938,11.66,2026-4-23 05:59:13
750,兒童,45884,11.92,2026-4-23 12:59:16
751,垃圾袋小,45872,13.86,2026-4-23 04:29:04
752,羽毛球,45799,13.86,2026-4-23 03:21:25
753,網路線,45794,13.86,2026-4-23 03:54:10
754,防水袋,45737,13.86,2026-4-23 11:37:02
755,無線鍵盤,45731,11.92,2026-4-23 01:25:43
756,耐熱塑膠袋,45601,13.86,2026-4-23 12:19:50
757,女童洋裝,45581,13.86,2026-4-23 04:02:26
758,汽車手機架,45578,11.92,2026-4-23 04:02:19
759,胸貼,45570,11.92,2026-4-23 08:57:29
760,平板支架,45554,12.06,2026-4-23 04:46:16
761,nike 拖鞋,45454,13.86,2026-4-23 01:54:35
762,耳機藍芽,45450,11.92,2026-4-23 03:43:52
763,排風扇,45432,13.86,2026-4-23 04:48:11
764,車充,45429,11.66,2026-4-22 09:08:15
765,修容,45401,13.86,2026-4-23 03:59:56
766,紋身貼紙,45374,13.86,2026-4-22 11:06:30
767,桌上置物架,45320,13.86,2026-4-23 04:55:48
768,卡片,45301,13.86,2026-4-23 04:49:26
769,抹茶粉,45301,13.86,2026-4-23 12:28:09
770,uniqlo,45280,13.86,2026-4-23 02:09:38
771,瑪麗珍鞋,45254,13.86,2026-4-22 11:22:21
772,戰鬥陀螺 x 戰鬥台,45211,13.86,2026-4-23 02:37:46
773,運動褲,45205,12.06,2026-4-23 04:32:27
774,角色 裝扮服飾,45200,13.86,2026-4-23 04:25:43
775,dr martens,45114,13.86,2026-4-23 02:12:44
776,髮飾,45088,13.86,2026-4-23 03:54:23
777,crocs 洞洞鞋,45024,13.86,2026-4-23 04:37:44
778,袋子,45006,13.86,2026-4-23 04:56:14
779,放錢盒,44980,13.84,2026-4-22 04:16:21
780,皮外套,44895,13.86,2026-4-23 02:59:49
781,魅魔衣,44834,13.86,2026-4-23 06:35:00
782,辦公椅,44772,20.00,2026-4-23 03:54:49
783,水晶,44771,11.66,2026-4-23 12:27:45
784,水龍頭延伸器,44735,13.86,2026-4-23 01:46:28
785,滿意寶寶,44697,11.66,2026-4-22 06:37:35
786,陶瓷保溫瓶,44651,13.86,2026-4-23 04:31:10
787,香水分裝瓶,44648,11.92,2026-4-23 09:05:26
788,排球少年,44593,26.00,2026-4-23 03:44:45
789,工具袋,44577,13.86,2026-4-23 03:37:22
790,switch 手把,44557,13.86,2026-4-23 01:38:18
791,鉛筆,44508,13.86,2026-4-23 03:54:51
792,插座,44468,11.92,2026-4-23 02:19:45
793,行李箱保護套,44459,13.86,2026-4-23 02:49:03
794,寵物推車,44456,12.06,2026-4-23 04:47:49
795,兒童泳衣,44449,11.92,2026-4-23 04:02:49
796,冷水壺,44386,13.86,2026-4-23 01:43:19
797,Converse,44381,13.86,2026-4-23 12:33:48
798,粉底液,44350,11.66,2026-4-22 11:03:01
799,兒童手錶,44312,11.92,2026-4-23 04:07:01
800,冷氣,44309,16.00,2026-4-23 03:16:36
801,壓克力展示盒,44300,13.86,2026-4-23 03:48:41
802,s26,44273,11.66,2026-4-22 09:53:39
803,掃地機器人,44269,11.92,2026-4-23 11:54:31
804,杯架,44188,11.92,2026-4-23 03:05:21
805,掛衣架,44187,13.86,2026-4-23 12:18:25
806,行李箱綁帶,44132,11.92,2026-4-23 10:41:06
807,充氣床墊,44106,24.86,2026-4-23 12:03:32
808,燈條,44091,13.86,2026-4-23 04:43:33
809,糖果,44037,12.06,2026-4-23 04:51:55
810,迷你洗衣機,44009,13.86,2026-4-23 04:54:27
811,花架,43985,13.86,2026-4-23 03:36:04
812,香香豆,43914,13.86,2026-4-23 07:45:21
813,樂維根,43906,13.86,2026-4-23 02:34:36
814,壓縮袋,43880,13.86,2026-4-23 03:24:20
815,白沙屯,43856,13.86,2026-4-23 04:58:38
816,尿布墊,43801,13.86,2026-4-23 03:15:07
817,搖步器,43799,13.86,2026-4-23 03:18:28
818,風倍清,43690,13.86,2026-4-23 12:10:15
819,卡膜,43642,13.86,2026-4-23 02:52:25
820,韓國包包,43639,13.86,2026-4-23 05:02:33
821,自拍棒,43632,13.86,2026-4-23 05:06:21
822,夜燈,43609,13.86,2026-4-23 05:01:38
823,男生上衣,43567,11.92,2026-4-23 11:23:00
824,黃金手鍊,43564,13.86,2026-4-23 04:09:11
825,童裝,43552,13.86,2026-4-22 08:17:55
826,Vans,43519,13.86,2026-4-23 11:16:25
827,日系洋裝,43501,13.86,2026-4-23 01:33:17
828,粉餅,43426,12.06,2026-4-23 04:54:58
829,廚師鞋,43396,11.92,2026-4-23 03:39:59
830,夾,43261,12.06,2026-4-23 04:56:23
831,防水鞋,43254,13.86,2026-4-23 05:03:54
832,氣墊,43231,28.40,2026-4-23 02:29:47
833,stanley 保溫瓶,43220,13.86,2026-4-23 04:56:11
834,美津濃,43126,13.86,2026-4-23 11:03:02
835,s25 ultra,43069,13.86,2026-4-23 04:31:27
836,電視,43054,11.92,2026-4-23 04:18:08
837,曬衣桿,43009,13.86,2026-4-23 03:26:32
838,廚房地墊,42914,11.92,2026-4-23 02:14:07
839,衣櫥,42885,13.86,2026-4-23 04:53:12
840,蘇菲,42880,13.86,2026-4-23 12:24:37
841,韓國女裝,42788,13.86,2026-4-23 03:23:50
842,奶粉,42784,13.86,2026-4-23 03:51:12
843,艾草蚊香,42698,13.86,2026-4-23 12:35:04
844,17 pro max 手機殼,42695,13.86,2026-4-23 12:33:19
845,杯,42620,13.86,2026-4-23 04:30:17
846,室內拖,42557,13.86,2026-4-23 04:09:16
847,戰鬥陀螺x,42555,13.84,2026-4-22 08:43:22
848,防曬面罩,42535,13.86,2026-4-23 11:55:53
849,路亞竿,42523,13.86,2026-4-23 04:50:11
850,頸枕,42507,11.92,2026-4-23 04:02:32
851,泡澡球,42506,13.86,2026-4-23 04:54:51
852,星空投影燈,42488,13.86,2026-4-23 02:54:43
853,皮克敏 走路機,42473,13.86,2026-4-23 07:08:30
854,LED燈條,42469,12.06,2026-4-23 04:43:33
855,野外露出裝,42456,13.86,2026-4-23 01:49:40
856,e sim卡中國,42451,13.86,2026-4-23 11:22:35
857,蝦竿,42442,13.86,2026-4-23 10:20:12
858,刷子,42424,13.86,2026-4-23 12:27:26
859,史萊姆,42401,13.84,2026-4-22 12:01:41
860,牙線棒,42400,13.86,2026-4-23 03:13:21
861,雲朵包,42396,13.86,2026-4-23 06:55:17
862,adidas官方旗艦店,42381,13.86,2026-4-23 04:45:38
863,皇家貓飼料,42377,13.86,2026-4-23 09:29:02
864,丁字褲,42375,13.86,2026-4-22 11:47:48
865,製冰機,42361,11.66,2026-4-23 01:38:17
866,牛仔寬褲,42359,11.92,2026-4-23 02:50:11
867,天絲床包,42341,11.92,2026-4-23 01:26:26
868,桌巾,42303,13.86,2026-4-23 03:19:48
869,瑪卡,42290,30.00,2026-4-23 11:56:15
870,不沾鍋,42275,13.86,2026-4-23 05:03:05
871,單人床墊,42246,18.62,2026-4-23 04:46:26
872,資料夾,42236,13.86,2026-4-23 02:35:11
873,obge 粉底棒,42198,16.00,2026-4-23 12:01:42
874,擦手巾,42197,13.86,2026-4-23 01:12:34
875,門縫密封條,42181,13.86,2026-4-23 04:28:35
876,烤箱,42175,13.86,2026-4-23 02:28:05
877,增高鞋,42110,13.86,2026-4-23 04:58:46
878,精油,42062,12.06,2026-4-23 05:02:11
879,提袋,42062,11.92,2026-4-23 04:15:21
880,情趣睡衣,42045,13.86,2026-4-23 03:49:45
881,usb,42007,11.66,2026-4-22 11:05:45
882,後背包女,42001,13.86,2026-4-23 04:48:35
883,背帶,41973,13.86,2026-4-23 04:51:19
884,自黏袋,41925,13.86,2026-4-22 11:23:57
885,環保袋,41813,13.86,2026-4-23 02:26:54
886,腰帶,41793,12.06,2026-4-23 04:59:27
887,防狼噴霧,41772,13.86,2026-4-23 02:16:20
888,行李吊牌,41719,13.86,2026-4-23 10:41:05
889,純銀耳環,41683,11.92,2026-4-23 04:01:26
890,行李箱保護罩,41675,13.86,2026-4-23 02:49:03
891,泳裝,41649,11.66,2026-4-22 11:09:38
892,大陸小零食,41623,13.86,2026-4-23 09:47:41
893,讀卡機,41543,11.92,2026-4-23 02:16:41
894,迪桑特,41511,13.86,2026-4-23 03:27:22
895,堅果,41448,11.92,2026-4-23 03:20:31
896,抽屜收納盒,41400,13.86,2026-4-23 04:50:13
897,花束,41379,13.86,2026-4-23 12:09:21
898,跳繩,41372,11.92,2026-4-23 10:44:08
899,氣球,41342,13.86,2026-4-23 04:53:49
900,皮鞋,41328,11.92,2026-4-23 04:20:43
901,分裝瓶,41316,11.92,2026-4-23 03:05:49
902,計時器,41314,13.86,2026-4-23 04:55:13
903,酷洛米,41306,12.06,2026-4-23 04:41:20
904,日本網卡,41301,13.86,2026-4-23 02:19:03
905,半斤塑膠袋,41276,13.86,2026-4-23 12:04:15
906,手環,41254,11.92,2026-4-23 04:06:18
907,珍珠,41230,11.92,2026-4-23 12:25:51
908,陶瓷內膽保溫杯,41176,13.86,2026-4-23 04:31:10
909,折疊推車,41156,13.86,2026-4-23 09:56:47
910,日系服飾,41080,13.86,2026-4-23 03:42:31
911,化妝桌,41028,13.86,2026-4-23 02:58:03
912,犀牛盾手機殼,40952,13.86,2026-4-23 03:57:32
913,POLO衫,40908,11.92,2026-4-23 03:40:30
914,Samsung,40892,12.06,2026-4-23 04:48:23
915,鑰匙包,40865,13.86,2026-4-23 04:01:24
916,法式洋裝,40864,13.86,2026-4-23 04:08:16
917,兒童涼鞋,40832,13.86,2026-4-23 05:06:19
918,幫寶適,40817,11.92,2026-4-23 04:01:14
919,羽球鞋,40812,13.86,2026-4-23 04:22:34
920,電鑽,40748,13.86,2026-4-23 04:40:53
921,iphone 13 手機殼,40735,13.86,2026-4-23 03:21:48
922,素顏霜,40726,11.92,2026-4-23 01:46:40
923,立可帶,40725,13.86,2026-4-23 11:11:31
924,耀西,40576,13.86,2026-4-23 05:04:02
925,百褶裙,40563,13.86,2026-4-23 04:42:28
926,寵物圍欄,40560,13.86,2026-4-22 08:57:24
927,longchamp 包,40533,13.86,2026-4-22 10:26:45
928,兒童安全帽,40522,13.86,2026-4-23 06:14:29
929,排球,40509,13.86,2026-4-23 02:21:36
930,行李箱輪子,40491,13.86,2026-4-23 04:56:31
931,吸管水壺,40426,12.06,2026-4-23 04:36:40
932,安全帽鏡片,40417,12.06,2026-4-23 04:36:26
933,軌道燈,40411,13.86,2026-4-23 11:18:26
934,男生包包,40402,13.86,2026-4-23 04:04:17
935,抽取式衛生紙,40391,12.06,2026-4-23 05:06:58
936,沖牙機,40391,13.86,2026-4-23 04:19:11
937,除濕,40368,20.00,2026-4-23 12:31:43
938,高蛋白,40362,11.92,2026-4-23 04:26:37
939,足弓鞋墊,40362,13.86,2026-4-23 02:26:56
940,旅行收納袋,40336,13.86,2026-4-23 04:07:25
941,mont bell,40310,13.86,2026-4-23 03:22:29
942,黃金戒指,40276,13.86,2026-4-23 04:22:00
943,置物櫃,40257,13.86,2026-4-23 04:39:12
944,快煮壺,40208,11.92,2026-4-23 03:14:38
945,愛迪達鞋子,40202,13.86,2026-4-23 01:21:11
946,行動電源 快充,40200,12.06,2026-4-23 04:38:04
947,i17手機殼,40195,11.92,2026-4-23 08:38:55
948,壁燈,40174,13.86,2026-4-23 04:39:44
949,the north face,40173,13.86,2026-4-23 03:47:19
950,甜辣風女裝,40159,13.86,2026-4-23 02:01:39
951,大同電鍋,40156,13.86,2026-4-22 11:53:01
952,大碼女裝,40140,13.86,2026-4-23 01:36:43
953,旅行,40101,11.92,2026-4-23 04:07:25
954,匹克球拍,39982,13.86,2026-4-23 11:14:26
955,機油,39973,13.86,2026-4-23 12:24:27
956,德訓鞋,39878,13.86,2026-4-23 03:41:25
957,鹽昆布,39840,13.86,2026-4-23 11:57:37
958,高級感女裝,39798,13.84,2026-4-22 08:56:33
959,美甲,39768,12.50,2026-4-23 03:46:34
960,日系夏裝,39761,13.86,2026-4-23 06:59:56
961,貓窩,39752,13.86,2026-4-23 03:50:40
962,肛塞,39729,13.86,2026-4-23 12:00:04
963,果蠅誘捕器,39717,13.86,2026-4-23 09:53:25
964,洗鼻器,39710,13.86,2026-4-23 07:16:46
965,夏裝,39644,13.86,2026-4-23 12:09:06
966,長袖,39627,12.06,2026-4-23 04:58:12
967,泰國女裝,39625,13.86,2026-4-23 03:21:34
968,燈泡,39541,12.06,2026-4-23 04:37:05
969,餐桌,39536,13.86,2026-4-23 02:56:16
970,時尚套裝,39524,13.86,2026-4-23 04:01:28
971,涼感床包,39519,11.92,2026-4-23 01:37:49
972,老花眼鏡,39510,13.86,2026-4-23 12:50:25
973,緞帶,39507,13.86,2026-4-23 03:56:57
974,冰絲長褲,39483,13.86,2026-4-23 04:48:13
975,半斤耐熱袋,39475,13.86,2026-4-23 10:03:51
976,床邊櫃,39473,13.86,2026-4-23 04:51:58
977,安全帽 3/4,39449,13.86,2026-4-23 01:23:23
978,兒童雨衣,39443,13.84,2026-4-22 12:33:19
979,皮克敏髮夾,39413,13.86,2026-4-23 05:24:55
980,數字油畫,39405,13.86,2026-4-23 04:15:28
981,Q哥,39404,13.84,2026-4-22 12:02:41
982,led 燈泡,39363,13.86,2026-4-23 04:37:04
983,椅墊,39130,13.86,2026-4-23 04:52:00
984,glad2glow,39127,13.84,2026-4-22 12:57:02
985,腳踏墊,39125,16.00,2026-4-23 03:34:36
986,靴子,39099,14.00,2026-4-23 04:23:59
987,門擋,39078,13.86,2026-4-23 02:15:26
988,airtag,39072,12.66,2026-4-22 12:01:45
989,適樂膚,39032,11.92,2026-4-23 04:10:16
990,小禮服,39014,13.86,2026-4-23 04:39:29
991,ccd相機,39011,11.92,2026-4-23 04:19:50
992,螢幕,39000,12.06,2026-4-23 05:02:01
993,男生 t恤,38985,11.66,2026-4-23 12:27:47
994,高級感上衣,38970,13.86,2026-4-23 01:18:09
995,skintific,38967,18.70,2026-4-23 04:22:51
996,手機吊飾,38946,13.86,2026-4-23 03:39:38
997,亞瑟士,38936,13.86,2026-4-23 04:33:41
998,編織包,38887,11.92,2026-4-23 07:38:20
999,短褲男,38806,12.06,2026-4-23 04:55:50
1000,便利貼,38798,13.86,2026-4-23 12:31:18
1001,乞丐包,38788,13.86,2026-4-23 10:00:57
1002,尺,38777,13.86,2026-4-23 04:34:13
1003,poco,38774,13.86,2026-4-23 02:05:19
1004,義美小泡芙,38750,13.86,2026-4-23 11:38:59
1005,尾戒,38749,13.86,2026-4-23 04:55:05
1006,玻璃,38747,12.06,2026-4-23 04:56:24
1007,棉被,38714,11.92,2026-4-23 04:08:44
1008,衛生紙盒,38712,11.66,2026-4-23 05:50:40
1009,蜂蜜,38688,13.86,2026-4-23 12:04:08
1010,韓居,38686,13.86,2026-4-23 02:41:22
1011,CD播放機,38618,13.86,2026-4-23 05:03:03
1012,收納籃,38591,13.86,2026-4-23 04:53:22
1013,switch 2,38551,13.86,2026-4-23 02:42:25
1014,仙女樹,38518,13.86,2026-4-23 02:53:03
1015,廚房,38509,14.00,2026-4-23 10:49:43
1016,露營推車,38492,13.86,2026-4-23 04:38:53
1017,電動刮鬍刀,38460,11.92,2026-4-23 03:53:54
1018,頭巾,38445,13.86,2026-4-23 02:37:06
1019,硬卡套,38422,13.86,2026-4-23 04:00:57
1020,無痕內褲,38407,13.86,2026-4-23 02:47:40
1021,彈力繩,38400,13.86,2026-4-23 02:07:52
1022,防潮箱,38374,13.86,2026-4-23 10:17:40
1023,疊穿上衣,38356,13.84,2026-4-22 01:18:47
1024,單人沙發,38355,13.86,2026-4-23 04:42:47
1025,風衣外套,38317,13.86,2026-4-23 03:47:56
1026,開心果,38300,13.86,2026-4-22 11:41:38
1027,床包組 雙人,38271,13.86,2026-4-23 04:58:49
1028,嬰兒床,38251,11.92,2026-4-23 11:55:08
1029,親子裝,38249,13.86,2026-4-23 04:35:46
1030,護照包,38247,11.66,2026-4-22 08:26:53
1031,小麥購物,38233,13.86,2026-4-23 09:14:52
1032,氣質上衣,38171,13.86,2026-4-23 04:46:46
1033,日系穿搭 夏天,38148,13.86,2026-4-23 03:25:45
1034,倉鼠籠,38140,13.86,2026-4-22 11:50:31
1035,雨刷,38121,12.06,2026-4-23 05:02:48
1036,盤子,38077,13.86,2026-4-23 12:30:56
1037,密封罐,38022,13.86,2026-4-23 04:48:59
1038,雙眼皮貼,37998,13.86,2026-4-23 05:00:04
1039,砧板,37995,11.92,2026-4-23 12:07:21
1040,Insta360,37986,12.00,2026-4-22 11:39:46
1041,Dr.Wu,37962,11.92,2026-4-23 03:38:58
1042,iphone 16 pro,37915,12.66,2026-4-22 12:01:45
1043,韓式上衣,37902,13.84,2026-4-22 12:01:45
1044,紙袋,37872,13.86,2026-4-23 03:20:48
1045,韓國睡衣,37843,13.86,2026-4-23 07:18:54
1046,s26 ultra,37821,11.92,2026-4-23 12:37:22
1047,領帶,37804,13.86,2026-4-23 03:25:47
1048,歐美套裝,37781,13.86,2026-4-23 04:54:13
1049,乾洗髮,37753,11.92,2026-4-23 10:53:39
1050,內 衣女生,37664,13.86,2026-4-23 01:54:07
1051,長襪,37635,11.66,2026-4-22 11:03:59
1052,小桌子,37623,13.86,2026-4-23 04:06:29
1053,奶嘴,37618,13.86,2026-4-23 04:55:10
1054,單人床包,37612,11.66,2026-4-22 10:51:28
1055,男生短褲,37567,12.06,2026-4-23 04:50:57
1056,烘碗機,37525,24.00,2026-4-23 03:15:31
1057,a la sha,37444,13.86,2026-4-23 04:55:52
1058,無鋼圈內衣,37398,16.00,2026-4-23 03:57:18
1059,洗髮,37338,11.92,2026-4-23 03:56:07
1060,矽藻土地墊,37315,12.00,2026-4-23 10:19:45
1061,PE線,37310,13.86,2026-4-23 02:15:35
1062,搖步機,37287,13.86,2026-4-23 03:18:28
1063,電腦主機,37259,13.86,2026-4-23 03:42:15
1064,平板保護殼,37256,11.66,2026-4-22 10:17:12
1065,owala 保溫瓶,37249,13.86,2026-4-23 05:00:13
1066,k wax,37212,11.92,2026-4-23 02:55:41
1067,杜拜麵包絲,37198,13.86,2026-4-22 06:41:05
1068,瀝水架,37191,13.86,2026-4-23 04:02:57
1069,卡夾,37142,13.86,2026-4-23 04:55:42
1070,兒童內褲,37138,13.86,2026-4-23 12:28:43
1071,棉花糖,37117,13.86,2026-4-23 02:06:38
1072,筆電支架,37093,11.92,2026-4-23 11:54:55
1073,兒童牙刷,37067,13.86,2026-4-23 05:03:57
1074,海綿,37048,13.86,2026-4-23 04:52:38
1075,玻璃貼,37036,11.92,2026-4-23 04:15:28
1076,杯套,37019,13.86,2026-4-23 12:38:02
1077,Lululemon,36997,13.86,2026-4-23 05:38:15
1078,牙間刷,36985,11.92,2026-4-23 09:41:33
1079,純銀項鍊,36971,13.86,2026-4-23 01:21:31
1080,永生花,36957,13.86,2026-4-23 05:06:51
1081,blender bottle,36954,11.92,2026-4-23 12:07:31
1082,冰壩杯,36943,12.06,2026-4-23 04:30:19
1083,頭皮水,36918,15.00,2026-4-23 03:37:48
1084,睫毛膏,36843,12.00,2026-4-23 10:51:29
1085,側背包女,36790,11.66,2026-4-22 11:48:39
1086,電腦喇叭,36757,11.92,2026-4-23 12:47:28
1087,車用吸塵器,36716,11.92,2026-4-23 03:08:25
1088,免膠假睫毛,36691,11.66,2026-4-22 08:42:19
1089,壓縮收納袋,36690,13.86,2026-4-23 11:05:15
1090,哈利波特,36639,28.36,2026-4-23 09:41:47
1091,雪芙蘭,36587,13.86,2026-4-23 12:45:30
1092,斜背包女,36582,13.86,2026-4-23 04:00:23
1093,厚底涼鞋,36534,13.86,2026-4-23 03:49:37
1094,螢光筆,36516,13.86,2026-4-23 11:51:48
1095,水草,36504,13.86,2026-4-23 03:44:41
1096,按摩器,36497,11.92,2026-4-23 01:36:27
1097,針織上衣,36320,11.92,2026-4-23 02:52:20
1098,登山杖,36310,13.86,2026-4-23 04:39:47
1099,電蚊香,36303,13.86,2026-4-23 12:19:48
1100,二手手機,36200,11.92,2026-4-23 02:25:47
1101,折疊購物車,36147,13.86,2026-4-23 04:59:01
1102,暗殺教室,36122,13.86,2026-4-23 03:20:38
1103,登機箱,36119,11.92,2026-4-23 02:50:58
1104,造型悠遊卡,36100,13.86,2026-4-23 04:10:36
1105,遊戲王,36083,13.86,2026-4-23 04:04:50
1106,按摩,36070,11.66,2026-4-23 12:30:31
1107,涼感衣,36068,11.92,2026-4-23 03:55:30
1108,移動式冷氣,36060,16.00,2026-4-23 12:27:44
1109,襯衫女,36057,13.86,2026-4-23 04:00:38
1110,康乃馨,36050,13.86,2026-4-23 03:11:58
1111,B群,36048,13.86,2026-4-23 11:56:14
1112,硬碟,36047,12.00,2026-4-23 04:18:59
1113,壺鈴,36029,13.86,2026-4-23 03:25:57
1114,髮帶,36009,13.86,2026-4-23 03:10:47
1115,垃圾袋大,35944,13.86,2026-4-23 04:26:30
1116,指緣油,35926,11.92,2026-4-23 03:58:30
1117,睡袋,35908,13.86,2026-4-23 03:09:14
1118,氣泡水,35905,13.86,2026-4-23 02:24:12
1119,睫毛,35902,11.92,2026-4-23 11:44:24
1120,智慧型手錶,35887,13.86,2026-4-23 03:07:05
1121,拍立得mini12,35879,13.86,2026-4-23 02:36:31
1122,皮克敏吊飾,35854,13.86,2026-4-23 12:02:50
1123,滑板車,35830,13.86,2026-4-23 09:07:11
1124,檸檬酸,35821,13.86,2026-4-23 02:58:23
1125,製冰盒,35798,11.92,2026-4-23 09:18:06
1126,廚房水龍頭,35759,12.06,2026-4-23 04:34:44
1127,Casio手錶,35736,13.86,2026-4-22 06:05:02
1128,ps5 pro,35727,13.86,2026-4-23 04:44:11
1129,手機掛繩墊片,35699,13.86,2026-4-23 01:49:52
1130,手工穿戴甲,35696,13.86,2026-4-23 01:57:41
1131,透膚上衣,35688,13.86,2026-4-23 08:10:22
1132,冷氣擋風板,35681,13.86,2026-4-23 03:16:37
1133,大尺碼上衣,35663,13.86,2026-4-23 04:56:43
1134,面紙,35660,13.86,2026-4-23 11:48:08
1135,空壓機,35646,13.86,2026-4-23 11:51:50
1136,花生,35620,11.92,2026-4-23 03:37:34
1137,鬼滅,35594,13.86,2026-4-23 01:57:57
1138,休閒套裝,35593,13.86,2026-4-23 04:01:28
1139,米紙,35579,13.86,2026-4-23 02:30:02
1140,瓦斯爐,35552,13.86,2026-4-23 03:12:32
1141,瑜珈磚,35528,11.92,2026-4-23 01:18:42
1142,逐玉,35502,13.86,2026-4-23 04:45:10
1143,奶瓶,35498,20.00,2026-4-22 11:12:40
1144,imos 手機殼,35473,13.86,2026-4-23 03:57:32
1145,牛仔洋裝,35438,13.86,2026-4-23 02:25:06
1146,18650 電池,35390,13.86,2026-4-23 03:13:04
1147,大尺碼,35373,13.86,2026-4-23 07:23:59
1148,登山背包,35347,13.86,2026-4-23 03:47:44
1149,客製化,35317,13.86,2026-4-23 12:24:12
1150,不鏽鋼,35313,11.66,2026-4-23 12:04:24
1151,塑膠袋手提,35289,13.86,2026-4-23 04:31:24
1152,吸管杯,35264,11.92,2026-4-23 01:43:24
1153,cerave,35243,11.92,2026-4-23 01:51:41
1154,洗衣機清潔劑,35241,13.86,2026-4-23 05:54:14
1155,誠品,35231,13.86,2026-4-23 01:09:38
1156,安全褲,35206,11.66,2026-4-22 08:36:19
1157,Dyson,35203,12.06,2026-4-23 04:54:16
1158,娃衣,35199,13.86,2026-4-23 04:56:04
1159,蝦皮,35195,13.86,2026-4-23 12:02:37
1160,樂高積木,35176,13.86,2026-4-23 05:03:42
1161,白板,35163,13.86,2026-4-22 05:18:26
1162,鴨舌帽,35161,13.86,2026-4-23 03:59:59
1163,平板電腦,35113,125.80,2026-4-23 03:25:30
1164,torriden,35101,11.92,2026-4-23 11:18:07
1165,ariel 洗衣精,35098,13.86,2026-4-23 04:11:20
1166,膠,35054,13.86,2026-4-23 03:55:33
1167,隔音棉,34999,13.86,2026-4-23 10:42:21
1168,對講機,34994,13.86,2026-4-23 01:04:09
1169,帕恰狗,34970,13.86,2026-4-23 04:41:19
1170,信箱,34939,13.86,2026-4-23 04:27:30
1171,乾燥花,34930,13.86,2026-4-23 05:06:50
1172,砂輪機,34911,13.86,2026-4-23 03:11:00
1173,飲料,34901,13.86,2026-4-23 04:47:32
1174,S24,34888,11.66,2026-4-23 12:01:42
1175,桌上收納櫃,34884,13.86,2026-4-23 04:55:48
1176,貓咪玩具,34830,13.86,2026-4-23 02:14:12
1177,行軍床,34826,13.86,2026-4-23 04:15:55
1178,潤髮乳,34809,15.68,2026-4-23 05:04:54
1179,花袋,34803,13.86,2026-4-22 09:22:59
1180,牛仔,34801,11.92,2026-4-23 03:50:55
1181,fwee,34795,145.98,2026-4-22 03:13:35
1182,燕麥杯,34772,13.86,2026-4-23 04:28:31
1183,純銀戒指,34755,13.86,2026-4-23 12:25:16
1184,canmake眼線膠筆,34753,13.86,2026-4-23 04:05:09
1185,牛仔長裙,34750,13.86,2026-4-23 12:20:23
1186,茶包,34708,13.86,2026-4-23 04:53:03
1187,辣椒水,34687,11.66,2026-4-23 12:09:53
1188,正肩 t恤,34685,13.86,2026-4-23 08:47:31
1189,紙膠帶,34677,13.86,2026-4-23 01:22:44
1190,air force 1,34673,13.86,2026-4-22 07:36:24
1191,海賊王,34662,13.86,2026-4-23 04:55:28
1192,螢幕支架,34656,11.92,2026-4-23 11:07:48
1193,清新溫泉飯店 餐券,34649,13.86,2026-4-23 12:10:56
1194,摺疊桌,34632,11.92,2026-4-23 04:06:30
1195,pop mart 官方旗艦店,34576,13.86,2026-4-23 03:25:40
1196,世界計畫,34549,13.86,2026-4-22 11:30:22
1197,擴香,34439,12.06,2026-4-23 05:02:55
1198,軟糖,34435,13.86,2026-4-23 03:57:56
1199,自拍神器,34431,13.86,2026-4-23 05:06:21
1200,安全帽藍芽耳機,34410,13.86,2026-4-22 11:24:53
1201,浴室,34403,24.00,2026-4-23 02:00:26
1202,連續印章,34399,13.86,2026-4-23 12:55:58
1203,手鏈,34392,12.06,2026-4-23 05:00:51
1204,全罩安全帽,34367,12.06,2026-4-23 05:04:32
1205,麵包超人,34361,13.84,2026-4-22 01:40:52
1206,觸控筆,34351,12.06,2026-4-23 05:06:53
1207,LEGO,34333,13.86,2026-4-23 05:03:42
1208,防盜包,34331,13.86,2026-4-23 04:05:22
1209,韓國連身裙,34310,13.86,2026-4-23 03:50:53
1210,電動車,34304,13.86,2026-4-23 02:52:33
1211,被套,34278,11.92,2026-4-23 08:00:36
1212,紗窗,34268,13.86,2026-4-23 04:50:40
1213,越南睡衣,34257,13.86,2026-4-23 11:05:30
1214,捲線器,34239,13.86,2026-4-23 04:45:13
1215,iphone 13 pro  手機殼,34224,114.86025,2024-4-26 10:00:48
1216,登山鞋,34197,13.86,2026-4-23 12:48:49
1217,包裝袋,34159,13.86,2026-4-23 03:33:43
1218,線條小狗,34135,13.86,2026-4-22 11:21:49
1219,牛仔短裙,34060,13.86,2026-4-23 01:02:18
1220,米餅,34052,11.92,2026-4-23 02:59:28
1221,ux 15,34036,13.86,2026-4-23 01:49:45
1222,黃金項鍊,34033,13.86,2026-4-23 04:09:12
1223,泳衣 女 台灣,34027,13.86,2026-4-23 01:20:37
1224,耳罩式耳機,33998,12.00,2026-4-23 03:56:29
1225,兒童相機,33989,11.92,2026-4-23 01:09:51
1226,air force,33989,13.86,2026-4-23 01:13:04
1227,手機支架機車,33968,13.86,2026-4-23 04:28:31
1228,super junior,33951,13.86,2026-4-23 02:30:38
1229,塑膠袋批發,33943,13.86,2026-4-23 04:31:24
1230,行車記錄器,33936,11.92,2026-4-23 12:20:16
1231,寵物外出包,33926,13.86,2026-4-23 04:12:35
1232,海島洋裝,33911,13.86,2026-4-23 02:54:57
1233,上班小包,33891,13.86,2026-4-23 12:16:54
1234,加固,33881,13.86,2026-4-23 09:44:43
1235,沐浴,33859,12.06,2026-4-23 05:02:23
1236,GARMIN,33855,13.86,2026-4-23 03:07:28
1237,除臭襪,33836,15.00,2026-4-23 03:30:24
1238,a字裙,33833,13.86,2026-4-23 11:17:34
1239,短版,33827,13.86,2026-4-23 11:20:34
1240,茶壺,33807,13.86,2026-4-23 04:00:21
1241,狸想世界,33797,13.86,2026-4-23 04:08:59
1242,hello kitty,33773,33.00,2026-4-23 04:34:32
1243,浴室拖鞋,33755,13.86,2026-4-23 04:14:47
1244,兒童腳踏車,33749,13.86,2026-4-23 03:52:24
1245,ipad air 11吋保護殼,33745,13.86,2026-4-23 04:08:37
1246,曬衣夾,33743,13.86,2026-4-23 01:34:21
1247,水,33728,12.06,2026-4-23 04:42:32
1248,行李箱貼紙,33719,13.86,2026-4-23 11:24:45
1249,鋼彈,33717,13.86,2026-4-23 04:55:40
1250,queen shop 女裝,33706,13.86,2026-4-23 07:50:19
1251,母親節,33688,12.66,2026-4-22 12:01:49
1252,森淨居所,33665,13.86,2026-4-23 04:47:30
1253,絲巾,33663,13.86,2026-4-23 03:31:37
1254,露營桌,33654,13.86,2026-4-23 03:21:08
1255,防曬噴霧,33651,22.50,2026-4-23 04:38:46
1256,籃球褲,33645,13.86,2026-4-23 09:28:09
1257,識別證套,33626,13.86,2026-4-23 05:07:21
1258,鋅,33613,13.86,2026-4-23 03:49:47
1259,三麗鷗髮夾,33602,13.86,2026-4-23 02:40:23
1260,漂白水,33583,13.86,2026-4-23 02:58:23
1261,折疊床,33553,11.92,2026-4-23 02:34:26
1262,小外套,33553,13.86,2026-4-23 04:36:45
1263,OP垃圾袋,33496,13.86,2026-4-23 10:28:16
1264,防蚊褲,33463,13.86,2026-4-23 02:36:56
1265,貓的抱抱,33442,13.86,2026-4-23 12:01:42
1266,吸盤,33416,13.86,2026-4-22 06:36:18
1267,女裝 韓系冬天,33408,13.86,2026-4-23 09:07:00
1268,套裝夏天韓版顯瘦,33396,13.86,2026-4-23 05:50:16
1269,刮刀,33386,13.86,2026-4-23 05:07:10
1270,音響,33374,11.92,2026-4-23 04:23:23
1271,束口袋,33352,13.86,2026-4-23 04:26:59
1272,寵物飲水機,33341,13.86,2026-4-23 12:53:44
1273,保溫便當盒,33339,12.06,2026-4-23 04:46:53
1274,眼線,33337,12.06,2026-4-23 05:00:14
1275,switch 2 保護殼,33329,13.86,2026-4-23 03:17:47
1276,風琴本,33310,13.84,2026-4-22 04:11:40
1277,Charles&Keith,33307,4.30048,2024-4-26 10:00:48
1278,自動餵食器,33296,13.86,2026-4-23 10:33:24
1279,牧田電池,33293,13.86,2026-4-23 10:43:22
1280,歐美上衣,33274,13.86,2026-4-23 04:11:51
1281,吊帶,33269,13.86,2026-4-23 07:58:19
1282,brita 濾芯,33254,13.86,2026-4-23 11:50:13
1283,ipad a16 保護殼,33197,13.86,2026-4-23 10:03:30
1284,esim,33191,11.92,2026-4-23 12:51:35
1285,倉鼠籠子,33155,13.86,2026-4-23 04:22:03
1286,護目鏡,33147,13.86,2026-4-23 03:40:50
1287,洗車精,33110,12.06,2026-4-23 04:41:10
1288,乳膠床墊,33091,26.00,2026-4-23 04:46:26
1289,韓國女裝 正韓,33066,13.86,2026-4-23 04:40:28
1290,外套 女,33064,13.86,2026-4-23 04:58:52
1291,3CE,33041,65.64,2026-4-23 03:40:51
1292,結婚書約,32958,13.86,2026-4-22 06:48:45
1293,熨斗,32953,11.92,2026-4-23 04:08:20
1294,sd 記憶卡,32948,11.66,2026-4-23 12:08:03
1295,泡泡機,32928,11.92,2026-4-23 02:38:56
1296,獵人,32927,13.86,2026-4-23 05:05:36
1297,s24 ultra 手機殼,32924,13.86,2026-4-23 03:27:34
1298,手機保護貼,32896,14.18,2026-4-23 04:27:40
1299,收納架,32872,12.06,2026-4-23 04:44:24
1300,墊片,32859,13.86,2026-4-22 07:52:43
1301,長靴,32857,13.86,2026-4-23 04:23:59
1302,連帽外套,32854,13.86,2026-4-23 04:58:52
1303,iphone 充電線,32801,13.86,2026-4-23 04:02:47
1304,甲片,32798,13.86,2026-4-23 03:16:46
1305,ps5 手把,32796,13.86,2026-4-23 04:44:11
1306,木板,32767,13.86,2026-4-23 03:01:57
1307,mucent,32760,13.86,2026-4-23 03:29:27
1308,擦擦筆,32757,13.86,2026-4-23 11:22:19
1309,星空小夜燈,32750,13.86,2026-4-23 05:01:38
1310,舒特膚,32733,12.00,2026-4-23 04:10:16
1311,cx 16,32730,13.86,2026-4-23 10:37:44
1312,玻璃保鮮盒,32730,12.06,2026-4-23 05:06:36
1313,整理箱,32722,13.86,2026-4-23 04:46:29
1314,babymonster,32722,13.86,2026-4-23 12:05:03
1315,庫洛魔法使,32706,13.86,2026-4-23 05:06:46
1316,收音機,32690,13.86,2026-4-23 02:39:08
1317,耳骨夾,32690,13.86,2026-4-23 02:08:42
1318,可可粉,32668,13.86,2026-4-23 04:53:36
1319,妙潔耐熱袋,32654,13.86,2026-4-23 05:23:24
1320,眼霜,32641,12.06,2026-4-23 04:47:00
1321,洗衣粉,32630,14.00,2026-4-23 01:46:58
1322,羽毛球拍,32590,13.86,2026-4-23 11:04:38
1323,樂扣樂扣 水壺,32586,13.86,2026-4-23 02:13:53
1324,背心女,32559,13.86,2026-4-23 05:04:49
1325,露 奶 衣服,32557,13.86,2026-4-23 12:04:28
1326,矽膠,32510,13.86,2026-4-23 11:34:39
1327,擴香石,32481,11.66,2026-4-23 06:43:13
1328,蘋果充電線,32469,11.92,2026-4-23 04:02:47
1329,真空袋,32453,13.86,2026-4-23 12:27:49
1330,汽油精,32434,13.86,2026-4-23 05:06:34
1331,小米手環,32433,11.66,2026-4-23 05:59:13
1332,電蚊拍 充電式,32432,13.86,2026-4-23 01:19:11
1333,白沙屯媽祖 結緣品 批發小物,32412,13.86,2026-4-23 04:46:07
1334,馬桶蓋,32397,13.86,2026-4-23 04:21:19
1335,錄音筆,32382,13.86,2026-4-23 12:26:42
1336,tomica小汽車,32375,13.86,2026-4-23 04:34:57
1337,cx 13,32362,13.86,2026-4-23 10:37:44
1338,甜美套裝,32339,13.86,2026-4-23 04:38:55
1339,艾草棒,32336,13.86,2026-4-23 08:36:00
1340,束帶,32326,13.86,2026-4-23 11:44:44
1341,長版上衣,32303,13.86,2026-4-23 03:53:21
1342,男內褲,32299,12.06,2026-4-23 04:43:02
1343,眼線筆,32279,12.06,2026-4-23 05:00:14
1344,stand oil,32262,13.86,2026-4-23 04:14:05
1345,休閒鞋,32258,13.86,2026-4-23 12:01:31
1346,ck,32240,13.86,2026-4-23 12:01:52
1347,蒙奇奇,32230,13.86,2026-4-23 02:46:11
1348,小包包,32223,11.92,2026-4-23 02:20:56
1349,頂天立地衣架,32203,13.86,2026-4-23 04:27:36
1350,線,32181,12.06,2026-4-23 04:43:00
1351,平底鍋,32179,13.86,2026-4-23 05:03:05
1352,funbox,32179,13.86,2026-4-23 02:41:07
1353,象印保溫瓶,32168,13.86,2026-4-23 04:44:46
1354,參加婚禮洋裝,32160,13.86,2026-4-23 03:50:52
1355,小米手環9,32148,13.86,2026-4-23 12:15:04
1356,巧媳婦垃圾袋,32142,13.86,2026-4-23 12:23:49
1357,香爐,32139,13.86,2026-4-23 04:22:19
1358,電競筆電,32131,13.86,2026-4-23 03:58:59
1359,設計上衣,32090,13.86,2026-4-23 04:31:34
1360,手機背帶,32086,13.86,2026-4-23 09:20:25
1361,沙發椅,32086,25.00,2026-4-23 11:17:32
1362,托盤,32076,11.66,2026-4-23 12:55:52
1363,i17pro 手機殼,32071,13.86,2026-4-23 12:08:49
1364,正式場合女裝,32048,13.86,2026-4-23 01:45:54
1365,我的英雄學院,32031,13.86,2026-4-23 02:04:25
1366,公仔展示櫃,32028,13.86,2026-4-23 04:47:54
1367,bx 48,31968,13.86,2026-4-23 03:44:34
1368,原價屋,31961,13.86,2026-4-23 03:30:05
1369,quennshop,31956,13.84,2026-4-22 03:33:10
1370,airtag 保護套,31952,13.86,2026-4-23 11:22:55
1371,abc mart 官方旗艦店鞋,31946,13.84,2026-4-22 12:01:45
1372,情趣衣服,31945,13.86,2026-4-23 04:33:09
1373,孕婦裝,31941,13.86,2026-4-23 02:45:14
1374,麥片,31940,13.86,2026-4-23 05:01:31
1375,電磁爐,31935,11.92,2026-4-23 01:25:31
1376,斜背包男,31933,13.86,2026-4-23 04:45:35
1377,雨鞋套,31917,11.66,2026-4-23 01:10:48
1378,掛式衛生紙,31896,13.86,2026-4-23 06:25:00
1379,漫畫,31857,13.86,2026-4-23 04:41:49
1380,兒童睡衣,31855,11.92,2026-4-23 03:12:55
1381,Casio,31853,13.86,2026-4-23 03:43:23
1382,護腰,31817,11.92,2026-4-23 03:02:40
1383,樂扣,31810,11.92,2026-4-23 04:00:42
1384,a56手機殼,31808,13.86,2026-4-23 04:26:44
1385,襪子女,31803,12.06,2026-4-23 04:59:11
1386,吊帶背心,31778,13.86,2026-4-23 03:38:07
1387,漱口杯,31768,13.86,2026-4-23 03:46:41
1388,飾品收納盒,31763,13.86,2026-4-23 04:21:00
1389,磨豆機,31685,11.92,2026-4-23 03:59:39
1390,無痕內衣,31666,11.92,2026-4-23 01:26:53
1391,菲力家族垃圾袋,31652,13.86,2026-4-23 02:34:10
1392,連身洋裝,31650,13.86,2026-4-23 03:52:10
1393,廚房收納櫃,31650,13.86,2026-4-23 08:54:26
1394,卡磚,31643,13.86,2026-4-23 12:26:38
1395,胸包,31615,13.86,2026-4-23 04:52:35
1396,iphone 15,31613,12.66,2026-4-22 12:01:45
1397,乾燥劑,31611,13.86,2026-4-22 07:31:08
1398,跑步機,31607,11.92,2026-4-23 02:22:13
1399,植物燈,31598,13.86,2026-4-23 03:59:15
1400,Timberland,31577,13.86,2026-4-23 12:16:22
1401,空靈鼓,31573,11.66,2026-4-23 06:09:46
1402,電動起子,31530,13.86,2026-4-22 11:45:07
1403,真皮包包,31523,13.86,2026-4-23 05:05:24
1404,油,31517,12.06,2026-4-23 05:02:16
1405,睡裙,31515,13.86,2026-4-23 04:58:18
1406,牛仔背心,31512,13.86,2026-4-22 11:13:34
1407,愛迪達官方旗艦店,31503,13.86,2026-4-22 11:17:16
1408,肥皂盒,31492,11.92,2026-4-23 02:41:59
1409,小香風女裝,31470,13.86,2026-4-23 09:07:00
1410,Dinotaeng,31469,13.86,2026-4-23 03:56:33
1411,fixx 定妝噴霧,31465,13.86,2026-4-23 03:20:11
1412,human made,31444,13.86,2026-4-23 04:54:43
1413,拖鞋男,31443,13.86,2026-4-23 01:54:35
1414,三星手機殼,31438,13.86,2026-4-23 02:35:02
1415,床邊桌,31431,13.86,2026-4-23 03:34:41
1416,機車,31402,13.86,2026-4-22 08:19:51
1417,睡衣套裝,31401,13.86,2026-4-23 04:45:21
1418,電動攪拌杯,31390,12.06,2026-4-23 04:40:26
1419,扭蛋,31360,13.86,2026-4-23 04:00:28
1420,刮痧板,31355,13.86,2026-4-23 10:37:40
1421,線香座,31335,13.86,2026-4-23 06:12:11
1422,舒潔衛生紙,31334,11.92,2026-4-23 08:33:44
1423,吉他,31332,12.06,2026-4-23 05:01:48
1424,e sim卡日本,31323,13.86,2026-4-23 01:47:51
1425,棒球外套,31320,13.86,2026-4-23 10:51:52
1426,電腦螢幕增高架,31296,13.86,2026-4-23 04:15:35
1427,realme,31295,12.06,2026-4-23 05:05:11
1428,女裝 韓系氣質,31285,13.86,2026-4-23 10:23:08
1429,濕紙巾蓋,31271,13.86,2026-4-23 08:03:43
1430,人體工學椅,31258,11.92,2026-4-23 09:08:29
1431,狗飼料,31245,11.92,2026-4-23 12:58:49
1432,證件套,31159,13.86,2026-4-23 04:55:43
1433,古寶無患子,31158,13.86,2026-4-23 03:00:40
1434,畢業禮物,31134,12.06,2026-4-23 04:42:18
1435,polo衫男,31110,11.66,2026-4-23 12:09:38
1436,餐椅,31100,13.86,2026-4-23 02:43:05
1437,韓國上衣,31092,13.86,2026-4-23 04:41:42
1438,穿搭套裝,31090,13.86,2026-4-23 12:32:35
1439,e sim卡韓國,31083,13.86,2026-4-23 04:27:04
1440,romand 唇釉,31061,79.20,2026-4-23 04:45:57
1441,除毛,31055,26.00,2026-4-23 12:27:06
1442,迷你密封罐,31044,13.86,2026-4-22 11:21:32
1443,布,31041,13.86,2026-4-23 05:04:39
1444,polo,31039,13.86,2026-4-23 12:15:18
1445,ive,30994,13.86,2026-4-22 11:37:22
1446,花小兔,30958,13.86,2026-4-22 07:18:04
1447,掛布,30884,13.86,2026-4-23 04:34:27
1448,桌上型電風扇,30861,13.86,2026-4-23 10:32:03
1449,生可可粉,30856,13.86,2026-4-23 04:53:37
1450,日本,30835,12.06,2026-4-23 05:02:45
1451,護髮油,30820,12.06,2026-4-23 04:53:14
1452,肩背包,30818,12.06,2026-4-23 05:05:24
1453,米菲兔,30785,13.86,2026-4-23 12:40:10
1454,不鏽鋼便當盒,30776,13.86,2026-4-23 04:27:47
1455,來復易,30772,13.86,2026-4-23 02:21:03
1456,鬼塚虎,30767,13.86,2026-4-23 11:17:28
1457,保險 套盒,30762,13.84,2026-4-22 12:39:04
1458,桌布,30745,13.86,2026-4-23 12:32:09
1459,粉底,30704,11.92,2026-4-23 03:06:03
1460,維他命C,30694,11.92,2026-4-23 11:24:15
1461,DRG,30693,30.00,2026-4-23 04:00:03
1462,靠得住,30688,13.86,2026-4-22 11:09:58
1463,包屁衣,30684,13.86,2026-4-23 04:43:04
1464,立體口罩,30680,15.00,2026-4-23 08:57:24
1465,fun box,30678,13.86,2026-4-23 11:36:24
1466,磨甲機,30668,12.00,2026-4-23 04:17:15
1467,化妝品,30668,134.26,2026-4-23 09:18:15
1468,魔導神杖,30668,13.86,2026-4-23 11:35:22
1469,粉色上衣,30665,13.86,2026-4-23 05:05:49
1470,單人帳篷,30625,13.86,2026-4-23 02:58:34
1471,夾腳拖鞋女,30615,13.86,2026-4-23 03:23:37
1472,延長線 插座 臺灣製,30615,13.86,2026-4-23 03:50:25
1473,醫療口罩,30608,12.06,2026-4-23 04:49:20
1474,圓規,30592,13.86,2026-4-23 01:18:44
1475,粉底刷,30589,11.92,2026-4-23 01:39:13
1476,拍立得照片,30566,13.86,2026-4-23 04:47:47
1477,掃把,30547,13.86,2026-4-22 11:36:54
1478,透膚,30547,13.86,2026-4-22 05:11:07
1479,adidas  拖鞋,30532,12.20225,2024-4-26 10:00:52
1480,口水巾,30513,13.86,2026-4-23 10:11:15
1481,usb  風扇,30510,96.62418,2024-4-26 10:00:52
1482,兒童玩具,30489,11.92,2026-4-23 03:15:02
1483,日系薄外套,30478,13.86,2026-4-23 03:47:55
1484,apple pencil,30477,13.84,2026-4-22 12:01:49
1485,夾腳拖,30473,13.86,2026-4-23 03:23:37
1486,螞蟻藥,30450,11.66,2026-4-23 04:29:35
1487,玄關地墊,30420,11.92,2026-4-23 02:16:57
1488,法式上衣,30412,13.86,2026-4-23 11:51:54
1489,星星痘痘貼,30408,13.86,2026-4-23 02:13:48
1490,郵差包,30405,13.86,2026-4-23 04:45:36
1491,悠遊卡套,30403,13.86,2026-4-22 09:16:31
1492,crocs,30375,13.86,2026-4-23 04:37:44
1493,地板貼,30334,13.86,2026-4-23 04:21:38
1494,護照收納包,30319,13.86,2026-4-23 05:01:13
1495,面膜睡衣,30289,13.86,2026-4-23 07:09:50
1496,落地燈,30280,11.66,2026-4-23 02:02:28
1497,1028,30267,13.86,2026-4-23 01:59:47
1498,檸檬,30256,12.06,2026-4-23 04:34:59
1499,電腦,30204,11.92,2026-4-23 03:42:15
1500,防摔手機殼,30183,11.66,2026-4-23 12:31:14
1501,工作手套,30178,13.86,2026-4-23 09:17:55
1502,鞋扣,30175,13.86,2026-4-23 04:37:44
1503,扇子,30095,13.86,2026-4-23 04:07:51
1504,防風打火機,30093,13.86,2026-4-22 10:08:10
1505,浴室地墊,30082,11.92,2026-4-23 03:36:23
1506,stussy,30074,13.86,2026-4-23 02:43:16
1507,醬油,30069,11.92,2026-4-23 03:39:52
1508,筆芯,30068,13.86,2026-4-23 01:53:01
1509,床圍,30048,11.66,2026-4-23 06:39:32
1510,麵,30047,12.06,2026-4-23 04:38:06
1511,地漏,30022,13.86,2026-4-23 04:28:21
1512,泡泡瑪特官方旗艦店,30005,13.86,2026-4-23 03:25:40
1513,黏土,30001,11.92,2026-4-23 03:55:17
1514,爆米花,29991,13.86,2026-4-23 11:59:31
1515,辛拉麵,29991,13.86,2026-4-22 07:42:30
1516,抽屜櫃,29984,13.86,2026-4-23 04:39:12
1517,套裝 女 兩件式套裝,29960,13.86,2026-4-23 04:01:28
1518,鎂,29952,13.86,2026-4-23 04:19:07
1519,窗簾布 遮光 隔熱,29924,13.86,2026-4-23 04:54:31
1520,噴霧,29907,25.00,2026-4-23 04:03:53
1521,天幕,29901,13.86,2026-4-23 04:32:34
1522,男生內褲,29894,11.66,2026-4-23 12:01:52
1523,micro sd 記憶卡,29887,13.86,2026-4-23 02:37:27
1524,航海王,29879,13.86,2026-4-23 04:55:28
1525,針織背心,29867,13.86,2026-4-23 11:21:17
1526,無線吸塵器,29859,11.92,2026-4-23 03:08:25
1527,生理褲,29856,13.86,2026-4-23 10:49:20
1528,拉拉熊,29827,13.86,2026-4-23 02:31:32
1529,安全帶護套,29802,13.86,2026-4-23 04:50:42
1530,正韓洋裝,29800,13.86,2026-4-23 03:50:52
1531,無人機,29709,12.00,2026-4-22 11:20:27
1532,日本代購,29705,13.86,2026-4-23 05:02:46
1533,水桶,29680,13.86,2026-4-23 04:56:11
1534,魚缸過濾器,29664,13.86,2026-4-23 05:06:26
1535,保冰袋,29644,13.86,2026-4-23 05:07:15
1536,五分褲,29635,11.92,2026-4-23 11:21:34
1537,碎紙機,29633,13.86,2026-4-23 03:15:17
1538,單人床架,29626,13.86,2026-4-23 04:42:03
1539,情侶衣,29616,13.86,2026-4-23 08:03:56
1540,格子襯衫,29604,11.92,2026-4-23 12:36:55
1541,泰國寬褲,29591,13.86,2026-4-22 11:44:36
1542,#羽毛球拍,29553,74.90203,2024-4-26 10:00:55
1543,亞麻上衣,29552,13.86,2026-4-23 01:23:04
1544,紅色上衣,29538,13.86,2026-4-23 05:05:49
1545,止汗劑,29534,11.92,2026-4-23 12:30:00
1546,ccd,29495,13.86,2026-4-23 02:59:30
1547,a醇,29473,11.92,2026-4-23 02:38:07
1548,磁吸手機支架,29465,13.86,2026-4-23 03:12:51
1549,包材,29455,13.86,2026-4-23 04:15:59
1550,罐頭,29437,11.92,2026-4-23 03:46:00
1551,中衛口罩,29411,12.00,2026-4-22 04:22:03
1552,陶瓷保溫杯,29404,12.06,2026-4-23 04:31:09
1553,玻璃罐,29393,13.86,2026-4-23 01:15:53
1554,pokopia,29388,11.92,2026-4-23 12:21:13
1555,西裝套裝,29384,13.86,2026-4-23 03:39:24
1556,貢菜,29378,13.86,2026-4-23 02:29:15
1557,小包,29369,14.00,2026-4-23 05:07:18
1558,運動背心,29367,11.92,2026-4-23 02:15:10
1559,iphone 15手機殼,29326,13.86,2026-4-23 05:40:36
1560,止滑墊,29313,13.86,2026-4-23 04:33:29
1561,勁戰七代,29309,13.86,2026-4-23 03:13:15
1562,手鐲,29309,13.86,2026-4-23 04:54:33
1563,棉麻上衣,29282,13.86,2026-4-23 04:35:11
1564,七龍珠,29252,12.00,2026-4-23 02:26:04
1565,海藍寶,29251,13.86,2026-4-23 01:25:54
1566,夏天套裝女裝,29250,13.86,2026-4-23 03:07:26
1567,滿意寶寶輕巧褲,29231,13.86,2026-4-23 04:57:14
1568,檸檬原汁,29223,13.86,2026-4-23 04:38:31
1569,西裝,29219,13.86,2026-4-23 04:10:58
1570,20吋行李箱,29215,11.92,2026-4-23 02:50:57
1571,聚寶盆,29211,13.86,2026-4-23 12:09:18
1572,防撞條,29198,13.86,2026-4-23 03:45:46
1573,展示架,29196,13.86,2026-4-23 12:50:51
1574,星巴克,29191,13.86,2026-4-23 04:47:24
1575,迪士尼,29170,13.86,2026-4-22 10:55:21
1576,隔熱墊,29165,13.86,2026-4-23 04:37:22
1577,氣泡袋,29145,13.86,2026-4-23 04:15:59
1578,抹茶,29099,13.86,2026-4-23 03:31:00
1579,烤盤,29082,12.06,2026-4-23 05:01:58
1580,電器櫃,29071,13.86,2026-4-23 12:02:33
1581,tws,29059,11.92,2026-4-23 10:39:43
1582,星巴克杯子,29030,13.86,2026-4-23 04:35:27
1583,超慢跑專用墊,29027,13.86,2026-4-23 12:01:46
1584,名片夾,29009,13.86,2026-4-23 10:49:34
1585,展示盒,29008,13.86,2026-4-23 03:48:41
1586,電子鎖,29003,13.86,2026-4-23 03:52:29
1587,沐浴球,28983,13.86,2026-4-23 04:54:51
1588,手提塑膠袋,28978,13.86,2026-4-23 12:29:50
1589,anker 行動電源,28961,13.86,2026-4-23 04:31:04
1590,巧拼,28954,13.86,2026-4-23 04:02:54
1591,洗手,28935,11.92,2026-4-23 04:27:38
1592,定位器,28915,11.66,2026-4-23 02:36:58
1593,bape,28908,13.86,2026-4-23 11:45:33
1594,美美銀樓,28894,13.86,2026-4-23 09:32:59
1595,穆勒鞋,28891,11.92,2026-4-23 12:34:04
1596,蕾絲洋裝,28890,13.86,2026-4-23 04:26:49
1597,鉤針,28880,13.86,2026-4-23 03:19:46
1598,魔鬼氈,28839,13.86,2026-4-23 06:19:28
1599,ell素顏霜,28832,13.86,2026-4-23 12:38:46
1600,兩件式上衣,28829,13.86,2026-4-23 04:38:55
1601,奶茶,28825,11.92,2026-4-23 02:54:20
1602,麥當勞瑪莉歐,28814,13.86,2026-4-23 04:56:21
1603,白色上衣,28814,12.06,2026-4-23 04:58:12
1604,鋼筆,28790,13.86,2026-4-23 05:00:39
1605,Ok蹦,28787,13.86,2026-4-23 04:48:16
1606,透膚內搭,28780,13.86,2026-4-23 02:01:13
1607,哥吉拉,28775,13.86,2026-4-23 04:48:55
1608,握力器,28761,13.86,2026-4-23 09:58:25
1609,純銀手鍊,28761,13.86,2026-4-23 04:50:47
1610,雪紡襯衫,28748,13.86,2026-4-23 01:23:05
1611,快充線,28747,11.92,2026-4-23 04:02:47
1612,公車零錢箱,28735,13.86,2026-4-23 10:57:40
1613,魔術方塊,28723,12.06,2026-4-23 04:52:48
1614,口香糖,28720,11.92,2026-4-23 10:36:33
1615,17,28720,11.92,2026-4-23 02:40:04
1616,防身,28720,13.86,2026-4-23 12:03:20
1617,兒童牙膏,28717,13.86,2026-4-23 10:52:15
1618,透明收納盒,28669,13.86,2026-4-23 12:07:20
1619,倉鼠飼料,28669,13.86,2026-4-23 03:15:38
1620,透明手機殼,28649,13.86,2026-4-23 12:06:26
1621,owala 聯名,28637,13.86,2026-4-23 05:00:13
1622,除濕袋,28616,13.86,2026-4-23 12:31:43
1623,七分袖上衣,28614,13.86,2026-4-23 12:02:07
1624,電扇,28611,12.06,2026-4-23 04:43:38
1625,羅技滑鼠,28602,13.86,2026-4-23 02:28:19
1626,香氛,28593,18.66,2026-4-23 04:59:04
1627,anker,28572,11.66,2026-4-23 06:35:25
1628,套筒,28572,13.86,2026-4-23 04:40:38
1629,露營,28563,11.66,2026-4-23 12:33:09
1630,浮標,28537,13.86,2026-4-23 02:56:44
1631,情劇用品,28511,13.86,2026-4-23 02:09:15
1632,panasonic 吹風機,28510,13.86,2026-4-23 03:58:37
1633,乳膠手套,28508,13.86,2026-4-23 02:27:27
1634,襯衫外套,28486,13.86,2026-4-23 02:36:59
1635,一番賞,28483,13.86,2026-4-23 04:40:45
1636,豆腐頭,28476,14.00,2026-4-23 12:14:32
1637,泳褲,28465,13.86,2026-4-23 11:39:42
1638,水冷扇,28431,16.00,2026-4-23 12:27:44
1639,麻將,28428,13.86,2026-4-23 04:49:36
1640,浴室鏡子,28423,13.86,2026-4-22 05:50:44
1641,麥當勞 瑪利歐,28407,13.86,2026-4-23 04:56:21
1642,多肉植物,28398,13.86,2026-4-23 04:06:34
1643,懶骨頭,28387,13.84,2026-4-22 03:57:21
1644,一字領上衣,28384,13.86,2026-4-23 03:25:06
1645,防曬袖套,28374,13.86,2026-4-23 01:44:29
1646,髮捲,28371,13.86,2026-4-23 04:54:09
1647,遮光窗簾,28368,11.66,2026-4-22 11:33:51
1648,rav4 6代,28364,13.86,2026-4-23 01:41:37
1649,iphone 16,28361,12.66,2026-4-22 12:01:49
1650,NIKE短褲,28338,13.86,2026-4-23 12:39:41
1651,帆布鞋,28311,13.86,2026-4-23 12:53:03
1652,洗車機,28278,11.92,2026-4-23 12:32:10
1653,不鏽鋼保鮮盒,28244,13.86,2026-4-23 12:52:29
1654,假面騎士,28235,13.86,2026-4-23 05:03:27
1655,分裝,28221,13.86,2026-4-23 03:01:03
1656,Innisfree,28212,19.50,2026-4-23 03:37:10
1657,ariel 洗衣球,28204,13.86,2026-4-23 03:32:44
1658,體香膏,28199,12.00,2026-4-23 07:00:16
1659,矽利康,28173,13.86,2026-4-22 09:25:38
1660,倉鼠,28164,13.86,2026-4-23 04:52:42
1661,小雞麵,28161,13.86,2026-4-23 10:27:05
1662,羅勒籽,28133,11.92,2026-4-23 01:56:27
1663,存錢本,28123,13.86,2026-4-23 04:51:04
1664,星空投影小夜燈,28108,13.84,2026-4-22 01:56:26
1665,obge 黑頭棒,28098,13.86,2026-4-23 05:56:35
1666,dyson 吹風機,28096,14.00,2026-4-23 09:49:07
1667,封口機,28070,13.86,2026-4-22 10:43:30
1668,玻璃瓶,28053,13.86,2026-4-23 02:22:04
1669,運動套裝女,28028,13.86,2026-4-23 04:01:29
1670,好惠買衛生紙,28001,13.86,2026-4-23 01:50:43
1671,衣服女,27994,13.86,2026-4-23 02:05:56
1672,羅馬涼鞋,27957,13.86,2026-4-23 03:49:38
1673,iphone 11 手機殼,27951,13.86,2026-4-23 03:59:44
1674,床頭板,27951,13.86,2026-4-23 07:42:19
1675,水楊酸,27942,12.00,2026-4-23 01:29:50
1676,連身褲,27942,13.86,2026-4-22 08:44:56
1677,Nike後背包,27921,13.86,2026-4-23 04:33:19
1678,望遠鏡,27914,13.86,2026-4-23 02:21:22
1679,無線耳機,27899,11.92,2026-4-23 03:38:46
1680,斜肩露肩上衣,27892,13.86,2026-4-23 03:25:06
1681,EVO安全帽,27891,13.86,2026-4-23 03:56:52
1682,V領上衣,27793,13.86,2026-4-23 04:46:45
1683,手機散熱器,27773,13.86,2026-4-23 01:43:58
1684,ROG,27768,13.86,2026-4-23 02:56:32
1685,熱水壺,27757,11.92,2026-4-23 04:27:33
1686,星空燈,27753,13.84,2026-4-22 01:56:26
1687,比奇堡的居民們 正版,27750,13.86,2026-4-23 04:16:43
1688,a4 影印紙,27741,13.86,2026-4-23 12:02:03
1689,滑步車,27739,13.86,2026-4-23 02:25:55
1690,變形金剛,27738,13.86,2026-4-23 04:01:33
1691,吊扇,27717,11.92,2026-4-23 03:41:02
1692,馬丁靴,27709,13.86,2026-4-23 03:19:17
1693,短掛繩 手腕繩,27699,13.86,2026-4-23 10:28:47
1694,韓系服飾,27691,13.86,2026-4-23 04:21:48
1695,Alo,27670,13.86,2026-4-22 08:14:39
1696,勃肯鞋,27663,13.86,2026-4-23 02:41:48
1697,羽球,27661,13.86,2026-4-23 03:21:25
1698,ja3,27633,13.84,2026-4-22 03:43:10
1699,舒酸定牙膏,27632,13.86,2026-4-23 03:57:47
1700,小ck包包,27626,13.86,2026-4-23 03:10:36
1701,冰絲睡衣,27618,13.86,2026-4-23 05:07:00
1702,袋子批發,27589,13.86,2026-4-23 04:21:12
1703,rom and nd,27573,13.86,2026-4-23 03:08:18
1704,鏡頭保護貼,27567,13.86,2026-4-23 12:21:26
1705,雨衣 一件式 暴雨級雨衣,27566,13.86,2026-4-23 04:52:28
1706,瀝水籃,27549,13.86,2026-4-23 04:19:53
1707,性感內衣,27532,13.86,2026-4-23 04:26:27
1708,床頭靠墊,27519,13.86,2026-4-23 04:41:34
1709,一片式睡衣,27502,13.86,2026-4-22 11:47:13
1710,極限返航,27496,13.86,2026-4-23 03:55:19
1711,one boy,27491,13.86,2026-4-23 05:31:55
1712,夏季女裝,27483,13.86,2026-4-23 01:36:43
1713,斜口鉗,27482,13.86,2026-4-23 03:41:35
1714,無線充電座,27479,11.66,2026-4-22 11:03:49
1715,txt,27468,13.86,2026-4-23 03:13:32
1716,男生衣服,27432,11.92,2026-4-23 03:57:35
1717,量杯,27426,13.86,2026-4-23 04:25:51
1718,韓國泡麵,27404,13.86,2026-4-23 01:38:13
1719,onitsuka tiger,27401,13.86,2026-4-23 11:17:28
1720,頭套,27395,13.86,2026-4-23 02:26:48
1721,sony,27392,13.86,2026-4-23 12:06:32
1722,鑽石貼畫,27384,13.86,2026-4-23 03:19:13
1723,r帽,27278,13.84,2026-4-22 12:58:07
1724,煙灰缸,27271,13.86,2026-4-23 04:52:18
1725,費瑞特,27271,13.86,2026-4-23 05:17:27
1726,怪獸對打機,27262,13.86,2026-4-23 07:47:12
1727,garmin 手錶,27261,13.86,2026-4-23 03:07:28
1728,泡茶壺,27260,13.86,2026-4-23 02:20:26
1729,唇線筆,27233,13.86,2026-4-23 12:05:04
1730,通勤小包,27219,13.86,2026-4-23 02:20:57
1731,冷氣清潔劑,27216,13.86,2026-4-23 04:57:15
1732,打蠟機,27199,13.86,2026-4-23 10:22:02
1733,牙刷架置物架,27190,13.86,2026-4-23 12:09:37
1734,清新溫泉餐券,27186,13.86,2026-4-23 04:04:31
1735,濾芯,27173,12.06,2026-4-23 05:05:17
1736,折疊收納箱,27159,13.86,2026-4-23 04:33:43
1737,馬桶清潔劑,27140,14.00,2026-4-23 12:40:21
1738,折疊購物袋,27121,13.86,2026-4-23 05:12:07
1739,代餐,27120,11.92,2026-4-23 08:38:31
1740,清潔,27115,46.32,2026-4-23 03:24:23
1741,韓國洋裝,27111,13.86,2026-4-23 03:50:53
1742,排水孔蓋,27106,13.86,2026-4-23 04:28:22
1743,燕麥,27066,13.86,2026-4-23 12:16:42
1744,工作燈,27054,13.86,2026-4-23 04:57:45
1745,潔牙骨,27051,20.00,2026-4-22 02:18:24
1746,掛畫,27049,13.86,2026-4-23 02:23:53
1747,盒,27048,12.06,2026-4-23 04:32:30
1748,水妖精,27036,13.86,2026-4-23 12:30:03
1749,化妝刷,27014,75.00,2026-4-23 03:45:55
1750,脫毛膏,26995,11.92,2026-4-23 04:05:22
1751,兒童襪子,26989,12.00,2026-4-23 01:21:22
1752,中國網卡,26971,11.92,2026-4-23 01:49:01
1753,蚊香盒,26951,13.86,2026-4-23 12:35:04
1754,安靜書,26944,13.86,2026-4-22 09:19:06
1755,防水包,26936,13.86,2026-4-23 11:09:03
1756,小米耳機,26921,11.92,2026-4-23 10:16:14
1757,茶盤,26916,13.86,2026-4-23 04:39:32
1758,破壁機,26881,11.66,2026-4-23 03:46:09
1759,凍乾,26864,11.92,2026-4-23 03:58:32
1760,on 鞋,26835,13.86,2026-4-23 12:02:59
1761,蘇菲衛生棉,26833,11.92,2026-4-23 12:48:38
1762,威克士,26831,13.86,2026-4-23 08:37:20
1763,RAV4,26823,11.92,2026-4-23 01:41:37
1764,放大鏡,26812,13.86,2026-4-23 01:26:44
1765,唇釉,26798,132.28,2026-4-23 12:48:56
1766,扭扭棒,26782,13.86,2026-4-23 04:54:03
1767,出清,26774,11.92,2026-4-23 01:34:33
1768,日系上衣,26771,13.86,2026-4-23 12:02:07
1769,香氛機,26742,14.00,2026-4-23 04:08:18
1770,腳架,26735,11.66,2026-4-22 11:01:11
1771,邊桌,26732,13.86,2026-4-23 03:57:52
1772,珍珠項鍊,26731,13.86,2026-4-23 09:16:36
1773,抽屜,26722,13.86,2026-4-23 04:31:51
1774,時鐘掛鐘,26721,12.06,2026-4-23 04:51:14
1775,情侶手鍊,26707,13.86,2026-4-23 02:33:21
1776,磁吸貼片,26685,13.86,2026-4-23 02:55:25
1777,割草機,26682,13.86,2026-4-23 04:01:56
1778,美沃奇,26682,13.86,2026-4-23 02:08:45
1779,洗衣機防塵套,26681,13.86,2026-4-23 04:59:35
1780,娃娃鞋,26679,13.86,2026-4-23 03:56:38
1781,大尺碼短褲,26678,13.86,2026-4-23 10:08:10
1782,盲盒,26677,11.92,2026-4-23 03:36:35
1783,工具包,26669,13.86,2026-4-23 03:37:22
1784,打擊手套,26652,13.86,2026-4-23 03:19:19
1785,無痕,26638,13.86,2026-4-23 06:39:15
1786,生理食鹽水,26636,13.86,2026-4-23 03:46:17
1787,豆腐砂,26619,11.92,2026-4-23 11:23:19
1788,韓國,26600,12.06,2026-4-23 05:05:02
1789,毛巾架,26596,11.92,2026-4-23 02:24:40
1790,杯蓋,26596,13.86,2026-4-23 08:36:08
1791,米桶,26591,13.86,2026-4-23 02:02:37
1792,養生壺,26580,11.66,2026-4-22 09:52:18
1793,無袖上衣,26555,13.86,2026-4-23 11:58:01
1794,舒潔,26548,13.86,2026-4-23 12:08:38
1795,拍立得mini12保護殼,26542,13.86,2026-4-23 02:36:31
1796,氣質洋裝,26497,13.86,2026-4-23 04:08:16
1797,豆豆鞋,26470,13.86,2026-4-23 03:24:09
1798,肉泥,26454,19.52,2026-4-23 04:34:08
1799,粉色洋裝,26443,13.86,2026-4-23 12:21:00
1800,二次元 矽膠 娃娃 仿真 全身,26440,13.86,2026-4-23 01:15:46
1801,機車手機支架,26422,13.86,2026-4-23 04:28:32
1802,工作服,26418,13.86,2026-4-23 11:06:53
1803,柯南,26409,13.86,2026-4-23 02:04:15
1804,乳清,26407,13.86,2026-4-23 04:26:37
1805,鎮爆鎗,26400,13.86,2026-4-23 03:39:47
1806,白板筆,26389,12.66,2026-4-22 03:19:20
1807,酒精濕紙巾,26376,11.92,2026-4-23 10:46:34
1808,浴室防滑墊,26372,13.86,2026-4-23 01:04:56
1809,藍芽音響,26369,17.00,2026-4-23 04:23:23
1810,客製化鑰匙圈,26358,13.86,2026-4-23 03:58:01
1811,貴牌女裝,26352,13.86,2026-4-23 02:49:58
1812,衣架收納架站立式,26326,13.86,2026-4-23 04:34:35
1813,蓮蓬頭支架,26320,13.86,2026-4-23 10:56:34
1814,大尺碼背心,26302,13.86,2026-4-23 01:04:40
1815,電視盒,26267,13.86,2026-4-23 07:36:26
1816,法式睡衣,26267,13.86,2026-4-23 04:58:18
1817,皮卡丘,26260,13.86,2026-4-23 02:59:35
1818,握把套,26255,13.86,2026-4-23 03:04:40
1819,美美心港式飲茶餐券,26246,13.86,2026-4-23 12:06:21
1820,拖鞋女,26234,13.86,2026-4-23 11:26:47
1821,果蠅,26231,13.86,2026-4-23 09:53:25
1822,salomon,26231,13.86,2026-4-23 05:32:49
1823,行動電源 可上飛機,26204,13.86,2026-4-23 10:38:56
1824,stanley,26194,13.86,2026-4-23 12:38:13
1825,雙人床架,26192,13.86,2026-4-23 04:42:04
1826,韓國 服飾 正韓,26181,13.86,2026-4-23 04:57:16
1827,Levi’s,26170,13.86,2026-4-23 04:03:34
1828,內搭背心,26161,11.92,2026-4-23 01:23:43
1829,包頭拖鞋,26140,13.86,2026-4-23 03:30:50
1830,蘭諾芳香豆,26119,13.86,2026-4-22 05:25:50
1831,環保購物袋,26107,13.86,2026-4-23 02:26:54
1832,無印良品 官方旗艦店,26104,13.86,2026-4-23 02:44:46
1833,牛仔褲女,26095,13.86,2026-4-23 01:46:37
1834,眼線膠筆,26093,12.06,2026-4-23 05:00:14
1835,臥蠶筆,26085,13.86,2026-4-23 10:25:53
1836,流行衣服,26081,13.86,2026-4-23 03:57:34
1837,under armour,26031,13.86,2026-4-23 01:44:14
1838,氣墊粉餅,26009,28.40,2026-4-23 02:29:47
1839,波點上衣,26006,13.86,2026-4-23 03:48:17
1840,USB隨身碟,25996,13.86,2026-4-23 02:48:41
1841,筋膜刀,25985,13.86,2026-4-23 02:10:57
1842,正韓上衣,25980,13.86,2026-4-23 04:41:41
1843,千金風洋裝,25975,13.86,2026-4-23 03:50:52
1844,kinyo,25974,11.92,2026-4-23 04:24:54
1845,貓咪,25955,13.86,2026-4-23 04:49:02
1846,Dior,25947,11.92,2026-4-23 02:23:01
1847,連衣裙,25945,13.86,2026-4-23 01:40:35
1848,電子時鐘,25941,13.86,2026-4-23 04:51:14
1849,透明,25938,13.86,2026-4-23 12:03:35
1850,壓克力,25929,13.86,2026-4-23 04:36:57
1851,坐墊加厚 久坐,25908,13.86,2026-4-23 06:59:36
1852,襪子男,25892,12.06,2026-4-23 05:00:09
1853,禦姐 風 套裝,25891,13.86,2026-4-23 04:38:55
1854,鉛筆袋,25890,13.86,2026-4-23 04:44:19
1855,書籤,25880,13.86,2026-4-23 03:22:46
1856,小CK,25866,13.86,2026-4-23 03:10:36
1857,女生衣服套裝,25845,13.86,2026-4-23 03:07:26
1858,遙控飛機,25844,13.86,2026-4-23 04:04:43
1859,捏捏樂,25835,13.86,2026-4-23 12:09:25
1860,熱敷眼罩,25817,12.06,2026-4-23 04:54:31
1861,別針,25808,13.86,2026-4-23 05:06:11
1862,手洗精,25803,68.64,2026-4-23 11:50:32
1863,mlb,25778,13.86,2026-4-23 09:07:18
1864,青梅,25763,13.86,2026-4-23 01:00:48
1865,戰鬥陀螺 正版,25759,13.86,2026-4-23 02:07:15
1866,車貼,25756,13.86,2026-4-23 04:46:02
1867,柔軟精,25752,13.86,2026-4-23 07:30:02
1868,美式短褲,25744,13.86,2026-4-23 06:05:58
1869,mmbcu,25744,13.86,2026-4-23 03:06:08
1870,深櫃收納盒,25703,13.86,2026-4-23 12:10:50
1871,睫毛夾,25700,18.32,2026-4-23 07:47:36
1872,化妝椅,25690,13.86,2026-4-23 02:47:16
1873,蛋白,25668,13.86,2026-4-23 04:44:41
1874,打火機防風,25663,13.86,2026-4-23 03:51:24
1875,Apple,25652,12.66,2026-4-22 12:01:49
1876,娃娃吊飾,25649,13.86,2026-4-23 05:07:28
1877,萬國轉接頭,25642,12.06,2026-4-23 04:52:11
1878,來一客,25630,13.86,2026-4-23 12:01:50
1879,轉印貼紙,25629,13.86,2026-4-23 03:35:52
1880,雙面膠,25612,13.86,2026-4-23 02:43:37
1881,鄧紫棋手燈,25606,13.86,2026-4-23 04:22:09
1882,iphone 13,25598,13.84,2026-4-22 12:01:49
1883,愛買,25590,13.84,2026-4-22 12:02:19
1884,煙盒,25581,13.86,2026-4-23 04:11:54
1885,奇異筆,25573,13.86,2026-4-23 02:16:36
1886,瑜伽褲,25556,13.86,2026-4-23 04:03:04
1887,夾式電風扇,25546,13.86,2026-4-23 08:50:35
1888,底片,25533,13.86,2026-4-23 04:59:51
1889,CEZANNE,25514,13.86,2026-4-23 04:15:50
1890,前扣內衣,25508,11.92,2026-4-23 04:10:53
1891,魚飼料,25491,13.86,2026-4-23 03:45:39
1892,削鉛筆機,25481,13.86,2026-4-23 07:40:26
1893,螺獅粉,25478,13.84,2026-4-22 12:01:53
1894,九重葛,25468,13.86,2026-4-23 02:48:55
1895,type c 耳機,25468,13.86,2026-4-23 04:51:03
1896,車牌框,25456,13.86,2026-4-23 04:35:02
1897,人工皮,25420,13.86,2026-4-23 07:04:21
1898,車用面紙盒,25420,13.86,2026-4-23 01:41:56
1899,線香,25412,13.86,2026-4-23 09:00:58
1900,日本零食,25408,13.86,2026-4-22 11:50:21
1901,canmake 腮紅,25403,13.86,2026-4-23 04:15:49
1902,韓國esim,25400,13.86,2026-4-23 12:09:01
1903,韓系穿搭夏天,25388,13.86,2026-4-23 02:34:28
1904,防曬外套抗uv100,25385,13.86,2026-4-23 03:15:06
1905,內 褲男 四角,25377,13.84,2026-4-22 01:08:04
1906,吊燈,25374,12.06,2026-4-23 04:59:43
1907,小獅王,25374,13.86,2026-4-23 11:39:27
1908,coach 短夾,25370,13.86,2026-4-23 07:50:29
1909,紙巾,25365,11.92,2026-4-23 11:48:07
1910,逗貓棒,25357,13.86,2026-4-23 03:43:14
1911,豹紋,25355,13.86,2026-4-23 04:29:27
1912,塑膠提袋,25351,13.86,2026-4-23 03:34:53
1913,貔貅,25328,13.86,2026-4-23 03:32:41
1914,餐盒,25327,12.06,2026-4-23 05:03:42
1915,平板殼,25323,13.86,2026-4-23 03:37:42
1916,調味罐,25315,13.86,2026-4-23 01:33:58
1917,黃水晶,25305,13.86,2026-4-23 04:36:55
1918,可調式啞鈴,25305,11.92,2026-4-23 03:25:56
1919,防蚊貼,25268,13.86,2026-4-23 05:13:49
1920,蓮蓬頭濾芯,25255,11.92,2026-4-23 12:28:50
1921,珍珠耳環,25240,13.86,2026-4-23 10:44:37
1922,heme,25228,13.86,2026-4-23 06:50:14
1923,泰國包包,25217,13.84,2026-4-22 02:39:47
1924,鞋盒,25207,13.84,2026-4-22 01:58:11
1925,浴室收納架,25206,11.66,2026-4-22 11:29:34
1926,清倉包包,25197,13.86,2026-4-23 04:19:21
1927,定型噴霧,25185,13.86,2026-4-23 03:21:10
1928,正韓,25149,12.06,2026-4-23 05:05:02
1929,大同電鍋 10 人份,25136,13.86,2026-4-23 02:30:50
1930,小香風短褲套裝,25122,13.86,2026-4-23 04:30:44
1931,濾掛咖啡,25120,12.06,2026-4-23 04:38:01
1932,磯釣竿,25112,13.86,2026-4-23 03:32:20
1933,行車記錄器 機車,25090,12.06,2026-4-23 05:05:04
1934,條紋上衣,25055,13.86,2026-4-23 04:31:34
1935,狗罐頭,25042,11.66,2026-4-23 12:25:00
1936,iphone 15 pro,25042,11.92,2026-4-23 11:49:03
1937,3d 列印機,25017,13.86,2026-4-23 03:30:45
1938,義大利麵,25002,11.92,2026-4-23 09:55:12
1939,紗窗網,24985,13.86,2026-4-23 04:50:40
1940,串珠,24977,13.86,2026-4-23 01:24:01
1941,滾筒,24977,11.92,2026-4-23 12:57:46
1942,運動外套,24968,11.92,2026-4-23 01:20:23
1943,角鋼架,24966,13.86,2026-4-22 11:23:01
1944,led,24964,12.06,2026-4-23 05:04:58
1945,空拍機,24954,14.74,2026-4-23 03:44:43
1946,皮克敏4,24952,13.86,2026-4-23 07:08:30
1947,濕紙巾 80抽加厚加大,24947,13.86,2026-4-23 02:03:53
1948,投影布幕,24946,13.86,2026-4-23 04:54:48
1949,白沙屯馬祖結緣品,24946,13.86,2026-4-23 03:31:14
1950,短板上衣,24939,13.86,2026-4-23 12:50:40
1951,保鮮袋,24934,13.86,2026-4-23 11:20:06
1952,調理機,24920,11.92,2026-4-23 09:57:45
1953,瓦斯罐,24914,13.86,2026-4-23 03:39:03
1954,釣竿,24906,13.86,2026-4-23 04:50:11
1955,ysl,24901,11.92,2026-4-23 01:58:34
1956,顯示卡,24888,13.86,2026-4-23 05:05:06
1957,除臭,24871,11.92,2026-4-23 04:03:53
1958,fun box 玩具旗艦館,24867,13.86,2026-4-23 03:06:50
1959,艾草,24866,11.92,2026-4-23 02:14:46
1960,養生膠帶,24862,13.86,2026-4-23 05:14:57
1961,護髮素,24839,12.06,2026-4-23 05:04:54
1962,三星手機,24835,15.00,2026-4-23 04:48:23
1963,瀝水,24828,13.86,2026-4-23 11:53:14
1964,馬桶置物架,24827,13.86,2026-4-23 09:06:58
1965,小香風外套,24819,13.86,2026-4-23 12:03:37
1966,藍牙耳機 無線,24810,11.92,2026-4-23 11:50:22
1967,辦公桌,24809,12.06,2026-4-23 04:53:56
1968,配方時代魚油,24808,13.86,2026-4-23 04:01:12
1969,bratop背心,24779,13.86,2026-4-23 04:18:46
1970,皮帶男,24768,12.06,2026-4-23 04:59:27
1971,小米吸塵器,24767,12.76,2026-4-23 09:56:25
1972,寵物,24766,12.06,2026-4-23 05:00:53
1973,豆漿機,24752,11.92,2026-4-23 10:59:05
1974,夢奇奇,24742,13.86,2026-4-23 04:23:15
1975,大尺碼女裝300斤,24739,13.86,2026-4-23 01:36:43
1976,美式外套,24727,13.86,2026-4-23 03:31:09
1977,肉桂粉,24725,13.86,2026-4-22 04:38:43
1978,小個子洋裝,24724,13.86,2026-4-23 04:08:15
1979,洗澡玩具,24691,13.86,2026-4-23 03:10:38
1980,芭蕾舞鞋,24682,13.86,2026-4-23 01:40:47
1981,薄長袖,24678,13.86,2026-4-23 04:58:12
1982,三眼怪,24677,13.86,2026-4-23 02:44:12
1983,愛迪達拖鞋,24677,13.86,2026-4-23 03:01:43
1984,冰絲,24672,11.92,2026-4-23 03:24:28
1985,行充電源,24671,12.06,2026-4-23 04:38:04
1986,蘋果醋,24646,13.86,2026-4-23 04:07:41
1987,涼感外套,24635,13.86,2026-4-23 01:20:23
1988,aespa,24603,13.86,2026-4-23 03:40:42
1989,驅蚊,24599,11.92,2026-4-23 12:48:36
1990,蒸氣眼罩,24593,12.06,2026-4-23 04:54:31
1991,水平尺,24589,13.86,2026-4-23 01:17:08
1992,壁掛風扇,24588,13.86,2026-4-23 12:55:26
1993,牛奶,24584,14.20,2026-4-23 12:11:53
1994,旅行包,24568,12.06,2026-4-23 04:44:48
1995,emis 帽子,24566,13.86,2026-4-23 03:46:24
1996,the ordinary,24559,13.86,2026-4-23 02:27:41
1997,薄外套女,24559,13.86,2026-4-23 04:58:52
1998,紫水晶,24558,13.86,2026-4-23 02:42:18
1999,護照夾,24557,11.92,2026-4-23 04:06:42
2000,手機墊片,24546,13.86,2026-4-23 12:34:46
2001,蝦小編衛生紙,24539,12.66,2026-4-22 12:02:28
2002,環保餐具,24519,12.06,2026-4-23 04:39:54
2003,帆布,24508,11.66,2026-4-22 08:18:37
2004,紗上衣,24501,13.86,2026-4-23 03:48:18
2005,齒輪油,24500,13.86,2026-4-23 11:27:11
2006,地瓜,24495,13.86,2026-4-23 10:15:49
2007,瑜珈服,24495,13.86,2026-4-23 02:15:10
2008,男短褲,24485,12.06,2026-4-23 04:50:57
2009,醫療鋼耳環,24481,13.86,2026-4-23 03:38:37
2010,17手機殼,24476,11.66,2026-4-23 05:54:22
2011,嬰兒推車,24472,13.86,2026-4-23 04:56:00
2012,s23,24469,11.92,2026-4-23 01:37:23
2013,棘輪扳手,24461,13.86,2026-4-23 04:48:04
2014,月亮椅,24456,13.86,2026-4-23 05:06:24
2015,壽司郎 庫洛魔法使,24449,13.86,2026-4-23 10:02:19
2016,抬頭顯示器,24448,13.86,2026-4-23 11:22:38
2017,寶可夢公仔,24444,13.86,2026-4-23 04:11:01
2018,電競耳機,24425,11.66,2026-4-23 05:27:42
2019,去角質,24412,12.06,2026-4-23 04:54:07
2020,MIZUNO,24408,13.86,2026-4-23 11:03:02
2021,倍潔雅衛生紙,24407,11.92,2026-4-23 10:37:06
2022,昆布鹽,24402,13.86,2026-4-23 08:50:55
2023,泡澡桶,24399,13.86,2026-4-23 04:53:00
2024,女裝七分袖,24379,13.86,2026-4-23 02:05:08
2025,噴油瓶,24372,13.84,2026-4-22 01:45:25
2026,磁吸充電線,24371,11.92,2026-4-23 02:55:25
2027,拉鍊,24362,13.86,2026-4-23 02:37:34
2028,烘焙紙,24361,13.86,2026-4-23 02:29:03
2029,垃圾袋批發,24360,13.86,2026-4-23 04:26:30
2030,空調服,24347,13.86,2026-4-23 06:23:28
2031,冷凍藍莓,24320,12.06,2026-4-23 04:50:35
2032,miffy,24316,13.86,2026-4-23 03:33:29
2033,禮盒,24305,11.92,2026-4-23 04:11:49
2034,木薯貓砂,24303,13.86,2026-4-23 11:23:19
2035,運動,24302,13.86,2026-4-23 04:03:04
2036,lv 包包,24291,13.86,2026-4-23 04:40:23
2037,日本 sim卡,24242,13.86,2026-4-23 01:47:51
2038,潤滑,24232,13.86,2026-4-23 04:45:16
2039,雷射水平儀,24226,13.86,2026-4-23 03:17:13
2040,卸妝油,24225,100.00,2026-4-23 03:00:39
2041,液體衛生棉,24211,11.66,2026-4-23 04:19:53
2042,黑曜石,24198,13.86,2026-4-23 02:07:11
2043,運動鞋女,24185,13.86,2026-4-23 04:06:32
2044,客製化衣服,24181,13.86,2026-4-23 04:59:08
2045,短靴,24178,13.86,2026-4-23 04:23:59
2046,女童短褲,24168,13.86,2026-4-23 02:43:27
2047,優格機,24162,13.86,2026-4-23 05:00:46
2048,涼墊,24160,13.86,2026-4-23 09:12:54
2049,假兩件,24148,13.86,2026-4-22 05:38:48
2050,三角洲行動周邊,24137,13.86,2026-4-23 06:56:24
2051,維尼,24135,13.86,2026-4-23 03:35:05
2052,洗車,24130,11.92,2026-4-23 10:54:57
2053,帽T,24119,12.06,2026-4-23 04:59:58
2054,機車後照鏡,24103,13.86,2026-4-23 04:49:59
2055,關燈神器,24089,13.86,2026-4-23 08:47:46
2056,書套,24068,13.86,2026-4-23 04:20:35
2057,野外打炮衣,24063,13.86,2026-4-23 06:21:31
2058,鏡頭,24062,11.92,2026-4-23 04:18:15
2059,三層櫃,24048,13.86,2026-4-23 10:05:04
2060,貝恩濕紙巾,24044,11.92,2026-4-23 07:49:04
2061,拐杖椅,24035,13.86,2026-4-23 04:39:46
2062,插頭,24025,12.06,2026-4-23 04:48:21
2063,鞋櫃收納櫃,24016,13.86,2026-4-23 04:15:53
2064,防水貼紙,24010,13.86,2026-4-23 04:58:03
2065,diy,24009,11.92,2026-4-23 04:00:40
2066,生可可粉無鹼化,23974,13.86,2026-4-22 09:12:40
2067,女裝 韓系夏天,23958,13.86,2026-4-23 12:44:55
2068,壓力襪,23952,11.92,2026-4-23 12:03:57
2069,點鈔機,23943,13.86,2026-4-23 01:39:35
2070,抽油煙機,23930,13.86,2026-4-23 04:43:30
2071,高腳椅,23924,13.86,2026-4-22 11:54:57
2072,電子鍋,23919,11.92,2026-4-23 12:48:12
2073,飼料,23919,11.92,2026-4-23 11:24:34
2074,一卡通,23911,13.86,2026-4-23 04:10:35
2075,車用垃圾桶,23895,13.86,2026-4-23 08:52:43
2076,vivo x300 pro,23891,13.86,2026-4-23 04:57:33
2077,小沙發,23886,13.86,2026-4-23 04:42:47
2078,白水晶,23872,13.86,2026-4-23 04:36:55
2079,火影忍者,23871,13.86,2026-4-23 04:47:34
2080,nike mind 001,23871,13.86,2026-4-23 04:37:56
2081,鹽燈,23870,13.86,2026-4-23 10:43:32
2082,掛脖背心,23865,13.86,2026-4-23 03:38:07
2083,盆栽,23864,13.86,2026-4-23 04:41:59
2084,運動毛巾,23862,13.86,2026-4-23 02:35:58
2085,機械鍵盤,23861,11.92,2026-4-23 03:44:48
2086,HDMI線,23855,13.86,2026-4-22 10:22:07
2087,禮物袋,23844,13.86,2026-4-23 12:48:38
2088,指甲,23838,12.50,2026-4-23 03:07:21
2089,usb 擴充插座,23830,13.86,2026-4-23 10:02:02
2090,秘密的偶像公主卡片,23828,13.86,2026-4-23 03:21:22
2091,拍拍膠,23824,13.86,2026-4-23 01:56:57
2092,迪卡儂,23818,13.86,2026-4-23 08:36:16
2093,肌貼,23818,13.86,2026-4-23 02:35:18
2094,恐龍,23807,13.86,2026-4-23 04:42:20
2095,隱形襪,23793,11.92,2026-4-23 08:02:20
2096,手機腳架,23793,12.06,2026-4-23 05:06:21
2097,小獅王奶瓶,23788,13.86,2026-4-23 05:04:57
2098,戰鬥陀螺發射器,23783,13.86,2026-4-23 05:59:45
2099,洗車工具組,23782,11.92,2026-4-23 10:54:57
2100,黑巧克力,23770,11.92,2026-4-23 04:17:03
2101,撲克牌,23739,13.86,2026-4-23 04:41:53
2102,藍芽接收器,23735,11.92,2026-4-23 02:28:40
2103,義美乳清蛋白,23734,13.86,2026-4-23 03:32:56
2104,氣質套裝,23727,13.86,2026-4-23 04:38:55
2105,方向盤套,23727,13.86,2026-4-23 12:23:28
2106,花襯衫,23715,13.86,2026-4-23 09:16:17
2107,南瓜子,23709,11.92,2026-4-23 03:20:31
2108,紙杯,23707,13.86,2026-4-23 04:25:24
2109,黑色洋裝,23702,13.86,2026-4-23 03:52:10
2110,增高鞋墊,23687,13.86,2026-4-23 02:26:56
2111,擴香瓶,23684,12.06,2026-4-23 04:59:03
2112,封箱膠帶,23681,13.86,2026-4-23 04:34:00
2113,棒球,23680,12.06,2026-4-23 04:44:26
2114,短袖T恤男,23675,13.86,2026-4-23 03:42:53
2115,玄關櫃,23668,13.86,2026-4-23 03:08:53
2116,esim中港澳,23668,13.86,2026-4-23 12:09:01
2117,馬甲,23666,11.66,2026-4-23 03:23:20
2118,rm 包包,23650,13.86,2026-4-23 03:27:31
2119,水龍頭過濾器,23646,11.92,2026-4-23 03:56:36
2120,女僕裝,23646,13.86,2026-4-23 04:25:43
2121,開關,23645,13.86,2026-4-23 03:45:34
2122,new era 帽子,23623,13.86,2026-4-23 04:30:39
2123,靠枕,23615,11.92,2026-4-23 03:11:33
2124,白沙屯媽祖外套,23611,13.86,2026-4-23 01:49:33
2125,妮維雅,23591,17.68,2026-4-23 12:12:11
2126,電動麻將桌,23585,13.86,2026-4-23 04:19:28
2127,HDMI,23582,13.86,2026-4-23 01:17:53
2128,染眉膏,23557,13.86,2026-4-23 05:07:10
2129,瑜伽墊,23548,12.06,2026-4-23 04:53:44
2130,橘朵,23532,13.84,2026-4-22 10:37:14
2131,muji,23531,13.86,2026-4-23 02:44:45
2132,冰桶,23524,13.86,2026-4-22 08:56:22
2133,攝影機,23523,12.06,2026-4-23 04:53:10
2134,pingu,23511,13.86,2026-4-23 03:46:19
2135,mgsd,23511,13.86,2026-4-23 12:46:44
2136,個性套裝,23508,12.00,2026-4-23 03:55:27
2137,牛仔褲男,23502,11.92,2026-4-23 04:13:43
2138,雅詩蘭黛粉底液,23500,11.66,2026-4-22 05:28:00
2139,椅腳套,23497,13.86,2026-4-23 12:09:44
2140,衣服女韓系,23496,13.86,2026-4-23 12:26:07
2141,kate 怪獸級持色唇膏,23493,13.86,2026-4-23 05:40:56
2142,拉力帶,23487,13.86,2026-4-23 02:07:52
2143,日本e sim卡,23487,13.86,2026-4-23 01:47:51
2144,門簾兩片式,23481,13.86,2026-4-23 04:37:00
2145,水餃,23470,11.66,2026-4-22 11:20:46
2146,結緣品小物,23468,13.86,2026-4-23 04:21:24
2147,蛋捲,23456,13.86,2026-4-23 09:54:45
2148,安博盒子12,23455,13.86,2026-4-23 12:04:22
2149,網紗上衣,23452,13.86,2026-4-23 03:48:18
2150,果汁筆,23451,13.86,2026-4-23 09:35:30
2151,西班牙包包,23449,13.86,2026-4-23 02:41:52
2152,綠幽靈,23447,13.86,2026-4-23 04:03:39
2153,木棉花,23438,13.86,2026-4-23 03:42:58
2154,iphone 12 pro max  手機殼,23438,24.78287,2024-4-26 10:01:08
2155,小後背包,23438,13.86,2026-4-23 06:38:55
2156,幫寶適拉拉褲,23437,11.92,2026-4-23 04:01:14
2157,法式復古洋裝,23430,13.86,2026-4-23 04:08:16
2158,學步鞋,23427,13.86,2026-4-23 12:40:44
2159,紗裙,23426,13.86,2026-4-23 02:30:18
2160,素T,23411,11.92,2026-4-23 11:54:01
2161,黑膠唱片機,23411,13.86,2026-4-23 12:45:26
2162,蛋糕,23410,13.86,2026-4-23 05:03:18
2163,平底鞋,23407,13.86,2026-4-23 02:38:35
2164,圍欄,23404,13.86,2026-4-23 03:53:31
2165,高蛋白粉,23393,13.86,2026-4-23 04:44:41
2166,ps5遊戲片,23384,13.86,2026-4-23 04:15:54
2167,雙人床墊,23379,18.62,2026-4-23 04:46:27
2168,汪喵星球,23379,11.92,2026-4-23 11:56:49
2169,白色 t恤,23378,13.86,2026-4-22 10:55:30
2170,禮物盒,23378,13.86,2026-4-23 04:41:00
2171,兒童運動鞋,23364,13.86,2026-4-23 12:18:51
2172,電競房擺件,23359,13.86,2026-4-23 03:29:33
2173,推車置物架,23356,13.86,2026-4-23 03:45:57
2174,扭蛋機,23350,13.86,2026-4-23 03:19:43
2175,短版T恤,23349,13.86,2026-4-23 12:50:40
2176,韓國轉接頭,23339,13.86,2026-4-23 04:52:11
2177,玻璃鍍膜,23339,12.06,2026-4-23 04:36:33
2178,巧拼地墊,23313,13.86,2026-4-23 12:12:54
2179,棉片,23308,22.76,2026-4-23 01:29:50
2180,macbook air m4,23292,13.86,2026-4-23 02:02:53
2181,閃電霹靂車,23290,13.86,2026-4-23 07:30:47
2182,輕便雨衣,23285,13.86,2026-4-23 04:52:28
2183,星巴克提袋,23277,13.86,2026-4-23 04:47:25
2184,安全帽內襯墊,23269,13.86,2026-4-23 11:07:08
2185,西班牙鞋,23267,13.86,2026-4-23 04:22:14
2186,蛋白棒,23263,13.86,2026-4-23 05:10:28
2187,可樂帽,23259,13.84,2026-4-22 11:12:28
2188,手推車,23238,11.92,2026-4-23 12:34:24
2189,晚安雜貨店,23216,13.86,2026-4-23 11:39:12
2190,戰鬥盤,23209,13.86,2026-4-23 02:07:15
2191,短襪,23209,12.06,2026-4-23 04:59:11
2192,小眾上衣,23189,13.86,2026-4-23 12:07:56
2193,情緒用品 男,23182,13.86,2026-4-23 01:55:02
2194,磨刀石,23162,13.86,2026-4-23 01:29:16
2195,香蕉夾,23156,13.86,2026-4-23 04:27:19
2196,學習褲,23154,13.86,2026-4-23 12:30:23
2197,胸墊,23148,13.86,2026-4-22 07:43:13
2198,nike 外套,23146,13.86,2026-4-23 01:01:22
2199,wakemake,23144,13.86,2026-4-23 02:19:54
2200,zara,23138,13.86,2026-4-23 04:13:19
2201,浩肯包 s號,23136,11.92,2026-4-23 11:01:51
2202,mac mini m4,23122,13.86,2026-4-23 02:02:53
2203,攪拌棒,23115,13.86,2026-4-23 03:47:51
2204,原木香,23097,13.86,2026-4-23 02:51:43
2205,mac mini,23077,13.86,2026-4-23 04:55:16
2206,kobe,23072,13.86,2026-4-23 04:56:56
2207,公仔收納盒,23071,13.86,2026-4-23 03:48:41
2208,披肩,23067,14.00,2026-4-23 03:46:31
2209,生日卡片,23050,13.86,2026-4-23 04:49:27
2210,小米手環9錶帶,23050,13.86,2026-4-23 01:10:39
2211,愛買線上購物,23047,13.84,2026-4-22 12:02:19
2212,初音,23016,13.86,2026-4-23 02:20:49
2213,鍋鏟,23015,13.86,2026-4-23 03:56:12
2214,貼紙書,22994,11.92,2026-4-23 12:09:58
2215,原神,22991,13.86,2026-4-23 04:39:24
2216,汽車百貨用品,22991,13.86,2026-4-23 03:28:21
2217,輕婚紗,22987,13.86,2026-4-23 02:28:52
2218,s24 ultra,22980,13.86,2026-4-23 12:37:21
2219,18650,22950,13.86,2026-4-23 03:13:04
2220,環保杯,22941,11.92,2026-4-23 03:35:15
2221,韓國網卡,22941,13.86,2026-4-23 09:04:05
2222,防水手提袋,22936,13.86,2026-4-23 04:32:49
2223,一斤塑膠袋,22933,13.86,2026-4-22 09:22:59
2224,平板包,22921,13.86,2026-4-23 01:21:49
2225,髮膜,22919,11.92,2026-4-23 03:51:04
2226,指套,22885,13.86,2026-4-23 05:53:42
2227,kate 眼影,22880,13.86,2026-4-23 03:06:53
2228,WD40,22874,13.86,2026-4-23 04:28:14
2229,南亞保鮮膜,22869,13.86,2026-4-23 12:24:16
2230,小禮堂,22866,13.86,2026-4-23 09:48:15
2231,洗手台,22860,13.86,2026-4-22 09:36:21
2232,雪紡洋裝,22847,13.86,2026-4-23 04:08:16
2233,機車手把套,22847,13.86,2026-4-23 12:57:41
2234,睡褲,22832,13.86,2026-4-23 02:09:43
2235,短板襯衫,22813,11.92,2026-4-23 11:20:34
2236,電動自行車,22812,13.86,2026-4-23 02:59:44
2237,溫度計,22810,13.86,2026-4-23 02:50:16
2238,手機架機車,22802,11.92,2026-4-23 04:28:31
2239,橡皮筋,22801,13.86,2026-4-23 03:18:33
2240,洗手慕斯,22792,11.92,2026-4-23 04:17:48
2241,s23 ultra 手機殼,22792,13.86,2026-4-23 03:27:33
2242,單槓,22785,13.86,2026-4-23 03:00:29
2243,日本esim,22781,13.86,2026-4-23 01:47:51
2244,腰果,22777,11.92,2026-4-23 03:20:31
2245,膠原蛋白粉,22774,12.06,2026-4-23 04:53:42
2246,風箏,22759,13.86,2026-4-23 12:03:40
2247,居家睡衣,22758,13.86,2026-4-23 04:45:21
2248,中筒襪,22755,12.06,2026-4-23 04:59:10
2249,門鎖,22739,11.66,2026-4-22 11:14:57
2250,腳踏車燈,22732,13.86,2026-4-23 04:02:52
2251,妙潔,22719,13.86,2026-4-23 11:28:10
2252,夏天外套,22713,13.86,2026-4-23 12:34:26
2253,防水墊,22711,11.92,2026-4-23 02:54:22
2254,色鉛筆,22708,13.86,2026-4-23 10:37:21
2255,仙氣上衣,22705,13.86,2026-4-23 01:22:03
2256,妝前乳,22704,11.92,2026-4-23 02:29:47
2257,加壓馬達,22701,13.86,2026-4-23 03:48:10
2258,設計師上衣,22696,13.86,2026-4-23 02:39:13
2259,(分裝),22669,82.89844,2024-4-26 10:01:08
2260,床,22662,30.00,2026-4-23 04:42:03
2261,運動拖鞋,22661,13.86,2026-4-23 03:01:43
2262,NB,22657,13.86,2026-4-23 04:58:46
2263,抓夾,22647,13.84,2026-4-22 03:36:46
2264,遮瑕膏,22644,22.12,2026-4-23 02:11:02
2265,氣炸鍋烘焙紙,22616,13.86,2026-4-23 02:29:03
2266,戰鬥陀螺鋼鐵奇兵,22615,13.86,2026-4-23 05:59:45
2267,地板清潔劑,22610,12.06,2026-4-23 04:40:50
2268,薄長袖上衣女,22593,13.86,2026-4-23 04:58:12
2269,鹿角蕨,22589,13.86,2026-4-23 04:48:38
2270,身體乳,22584,94.70,2026-4-23 01:33:22
2271,無痕掛勾,22584,13.86,2026-4-23 04:57:36
2272,jellycat官網正品,22583,13.86,2026-4-23 05:07:28
2273,鑰匙圈扣環,22579,13.86,2026-4-23 12:59:25
2274,張淩赫,22573,13.86,2026-4-23 04:33:21
2275,牛仔連身裙,22562,13.86,2026-4-22 06:18:10
2276,鐵架,22540,13.86,2026-4-23 02:59:56
2277,垃圾,22529,13.86,2026-4-23 01:33:35
2278,折疊傘,22528,11.92,2026-4-23 03:43:38
2279,紅米,22510,11.92,2026-4-23 01:40:06
2280,設計款上衣,22504,13.86,2026-4-23 03:25:06
2281,克潮靈,22498,13.84,2026-4-22 11:44:52
2282,文件夾,22496,13.86,2026-4-23 03:41:23
2283,咖啡隨行杯,22496,13.86,2026-4-23 01:30:36
2284,手作,22491,14.44,2026-4-23 04:59:30
2285,法式背心,22489,13.86,2026-4-23 12:03:38
2286,掛燙機,22482,11.92,2026-4-23 04:08:20
2287,易口舒,22475,11.66,2026-4-23 12:01:58
2288,印章訂製,22445,13.86,2026-4-23 12:56:47
2289,白襯衫,22425,13.86,2026-4-23 03:53:51
2290,上課無聊玩具,22421,13.86,2026-4-23 12:09:24
2291,飾品,22406,11.92,2026-4-23 02:39:11
2292,花生醬,22401,13.86,2026-4-23 12:16:15
2293,自動筆,22399,13.86,2026-4-23 01:28:22
2294,機車貼紙,22390,13.86,2026-4-23 04:46:02
2295,補光燈,22385,12.06,2026-4-23 05:03:20
2296,油漆,22377,13.86,2026-4-23 04:55:01
2297,磨刀器,22372,13.86,2026-4-23 01:29:16
2298,冷氣門簾,22365,13.86,2026-4-23 02:31:48
2299,筆電散熱架,22363,11.92,2026-4-23 11:54:55
2300,過濾器,22360,12.06,2026-4-23 05:06:26
2301,防撞,22360,13.86,2026-4-23 03:45:45
2302,羅技,22334,11.92,2026-4-23 11:25:05
2303,ipad air,22334,13.84,2026-4-22 12:01:54
2304,stray kids,22333,13.86,2026-4-23 03:51:48
2305,可樂,22325,13.86,2026-4-23 04:48:52
2306,天絲牛仔褲,22317,13.86,2026-4-23 01:32:14
2307,卡包,22306,13.86,2026-4-23 04:06:41
2308,ddr5,22302,13.86,2026-4-23 03:19:04
2309,機車手套,22296,11.92,2026-4-23 03:56:45
2310,背心袋批發,22294,13.84,2026-4-22 03:25:42
2311,老錢風套裝,22289,13.86,2026-4-23 08:39:01
2312,涼感床墊,22288,14.04,2026-4-23 03:09:48
2313,平口內衣,22282,13.86,2026-4-23 06:42:52
2314,wifi 分享器,22279,11.92,2026-4-23 03:53:56
2315,花王,22275,13.86,2026-4-23 05:14:58
2316,鞋套,22274,11.92,2026-4-23 11:22:55
2317,Carhartt,22269,13.86,2026-4-22 04:27:00
2318,擴大機,22263,13.86,2026-4-23 04:41:22
2319,Macbook,22259,13.84,2026-4-22 12:01:54
2320,補色洗髮精,22256,43.88,2026-4-23 11:18:49
2321,檸檬橄欖油,22243,13.86,2026-4-23 03:18:14
2322,小熊維尼,22221,12.00,2026-4-23 03:15:10
2323,全封帽,22203,13.86,2026-4-23 04:30:40
2324,好市多衛生紙,22195,11.92,2026-4-23 02:49:46
2325,refa 梳子,22193,13.86,2026-4-23 12:32:36
2326,貍想世界,22187,13.86,2026-4-23 04:28:37
2327,bts 專輯,22184,13.86,2026-4-23 12:27:53
2328,鉛筆盒韓國 ins高顏值,22178,13.86,2026-4-23 06:56:00
2329,Lacoste,22176,13.86,2026-4-23 07:34:24
2330,出遊洋裝,22172,13.86,2026-4-23 11:50:02
2331,海邊上衣,22170,13.86,2026-4-22 04:48:12
2332,臺塑生醫洗髮精,22164,13.86,2026-4-23 02:54:54
2333,防曬棒,22163,19.20,2026-4-23 10:28:51
2334,條紋襯衫,22162,11.92,2026-4-23 04:28:59
2335,反光背心,22161,13.86,2026-4-23 03:51:07
2336,工地安全帽,22160,13.86,2026-4-23 03:36:11
2337,pvc 手套,22138,13.86,2026-4-23 09:12:32
2338,CK內褲,22105,13.86,2026-4-23 03:32:11
2339,iphone 13 pro max  手機殼,22104,85.26511,2024-4-26 10:01:12
2340,日幣零錢包,22103,13.86,2026-4-23 12:07:40
2341,廢物專賣店,22083,13.86,2026-4-22 10:35:00
2342,530,22077,13.86,2026-4-23 01:29:54
2343,短洋裝,22074,13.86,2026-4-22 10:30:53
2344,彩色筆,22057,13.86,2026-4-23 12:42:47
2345,茶葉,22052,13.86,2026-4-23 04:22:07
2346,遊戲機,22046,13.86,2026-4-23 04:32:44
2347,小風扇,22042,11.92,2026-4-23 11:08:29
2348,吸油面紙,22031,13.86,2026-4-23 02:29:03
2349,監視器無線,22027,13.86,2026-4-22 09:24:52
2350,酒精 4000ml,22021,13.86,2026-4-23 02:29:05
2351,涼感牛仔褲,22021,13.86,2026-4-23 05:47:46
2352,蒸籠,22017,13.86,2026-4-23 12:04:56
2353,男童套裝,22014,11.66,2026-4-22 11:33:21
2354,煮蛋器,22004,13.86,2026-4-23 04:39:07
2355,加濕器,22001,13.86,2026-4-23 04:08:18
2356,瑪利歐,21994,13.86,2026-4-23 05:04:02
2357,壁紙,21993,13.86,2026-4-23 03:54:32
2358,2000ml 水壺,21991,13.86,2026-4-22 10:11:11
2359,針織,21990,11.92,2026-4-23 01:26:28
2360,項鍊女,21987,13.86,2026-4-23 11:46:53
2361,太陽能燈,21980,13.86,2026-4-23 02:12:28
2362,手機防水袋,21979,13.86,2026-4-23 12:29:19
2363,碧璽,21956,13.86,2026-4-23 04:54:55
2364,淨新垃圾袋,21954,13.86,2026-4-23 12:41:43
2365,電風扇 16吋買一送一,21952,13.86,2026-4-23 03:04:03
2366,廚房收納,21947,13.86,2026-4-23 03:21:29
2367,籃球襪,21944,13.86,2026-4-23 10:02:04
2368,磁吸置物架,21943,13.86,2026-4-23 02:23:37
2369,客製化貼紙,21939,13.86,2026-4-23 03:08:51
2370,蔓越莓,21932,13.86,2026-4-23 03:21:13
2371,xbox 手把,21930,11.92,2026-4-23 03:18:40
2372,香,21922,12.06,2026-4-23 04:50:21
2373,ssd 固態硬碟,21921,13.86,2026-4-23 03:08:46
2374,螺絲起子,21916,13.86,2026-4-23 03:42:01
2375,結緣品,21908,13.86,2026-4-23 04:21:24
2376,機車兒童座椅,21908,13.86,2026-4-23 03:13:18
2377,果汁機隨行杯,21906,13.86,2026-4-23 10:59:05
2378,枕頭巾,21903,13.86,2026-4-23 02:49:23
2379,染髮,21900,11.92,2026-4-23 02:32:15
2380,機械錶,21866,13.86,2026-4-23 05:04:44
2381,美甲燈,21861,13.86,2026-4-23 10:59:07
2382,戰鬥陀螺爆裂世代,21856,13.86,2026-4-23 02:07:15
2383,寵物樓梯,21850,13.86,2026-4-23 10:38:24
2384,海倫仙度絲,21844,13.84,2026-4-22 03:27:05
2385,無線鍵盤滑鼠組,21835,11.92,2026-4-23 07:51:45
2386,不鏽鋼鍋,21830,11.92,2026-4-23 04:11:04
2387,湯鍋,21827,13.86,2026-4-23 04:31:53
2388,supreme,21825,13.86,2026-4-23 04:03:50
2389,ipad 鍵盤,21824,11.92,2026-4-23 12:24:53
2390,meditherapy,21821,19.50,2026-4-23 03:38:13
2391,327,21816,13.84,2026-4-22 03:20:50
2392,感應式 led燈,21813,13.86,2026-4-23 06:54:11
2393,超七,21805,13.86,2026-4-23 10:46:53
2394,穿鞋椅,21802,13.86,2026-4-23 03:08:53
2395,筋膜槍,21801,11.66,2026-4-23 03:15:40
2396,冷凍櫃,21793,13.86,2026-4-23 02:21:11
2397,上班洋裝,21793,13.86,2026-4-23 04:49:40
2398,抱枕套,21773,11.92,2026-4-23 12:44:34
2399,酪梨油,21772,13.84,2026-4-22 03:22:31
2400,藍莓乾,21770,13.86,2026-4-23 01:44:37
2401,除毛刀,21762,11.92,2026-4-23 07:57:04
2402,貓咪飲水機,21760,13.86,2026-4-23 12:53:45
2403,鯊魚褲,21741,13.86,2026-4-22 10:10:13
2404,mk 包包,21726,13.86,2026-4-23 04:05:24
2405,露出 服裝,21720,13.86,2026-4-23 02:49:58
2406,滾輪,21710,13.86,2026-4-23 11:13:49
2407,relove,21707,25.00,2026-4-23 12:03:37
2408,夾式耳環,21704,11.92,2026-4-23 04:06:15
2409,熱水器,21704,13.86,2026-4-23 11:27:03
2410,架子,21701,13.86,2026-4-23 04:13:38
2411,小三美日,21693,13.86,2026-4-23 12:01:54
2412,無線麥克風,21675,12.06,2026-4-23 04:54:29
2413,卸妝水,21664,11.92,2026-4-23 03:00:39
2414,垃圾袋加厚,21654,13.86,2026-4-23 04:29:04
2415,淨新平面醫療口罩,21645,13.86,2026-4-23 04:46:44
2416,保齡球包,21637,13.86,2026-4-22 07:12:17
2417,防水漆,21628,13.86,2026-4-23 04:50:23
2418,防水膠,21619,13.86,2026-4-23 04:50:23
2419,行李束帶,21617,11.92,2026-4-23 10:41:05
2420,奶嘴鏈,21613,13.86,2026-4-23 04:55:11
2421,果凍,21608,14.00,2026-4-23 03:35:43
2422,跑鞋,21607,13.86,2026-4-23 02:39:48
2423,carrot.co,21595,13.86,2026-4-23 12:08:43
2424,LABUBU,21589,13.86,2026-4-23 04:35:09
2425,耐熱袋1斤,21578,13.86,2026-4-23 10:03:51
2426,折疊腳踏車,21573,13.86,2026-4-23 04:58:41
2427,skechers 男鞋,21572,13.86,2026-4-23 03:11:54
2428,小卡,21551,13.86,2026-4-23 04:44:43
2429,高級感包包,21542,13.86,2026-4-23 04:56:51
2430,韓國零食,21534,13.86,2026-4-23 02:51:19
2431,宏瑋口罩,21529,14.00,2026-4-23 04:49:19
2432,台塑垃圾袋,21526,13.86,2026-4-23 04:45:49
2433,墊,21520,13.86,2026-4-23 05:01:36
2434,air space,21499,13.86,2026-4-22 11:28:58
2435,草帽,21493,13.86,2026-4-23 03:42:29
2436,dimoo,21486,13.86,2026-4-23 03:07:49
2437,樂事,21480,13.86,2026-4-23 11:51:28
2438,工具,21474,13.86,2026-4-23 04:51:21
2439,金項鍊 1兩,21462,13.86,2026-4-22 10:43:38
2440,哈瓦仕拖鞋,21456,13.86,2026-4-23 05:43:27
2441,咖啡濾紙,21451,13.86,2026-4-23 01:41:23
2442,body goals,21450,13.86,2026-4-23 02:34:35
2443,洗臉,21446,11.92,2026-4-23 12:02:52
2444,梅子,21441,11.66,2026-4-22 10:28:16
2445,鍋子,21430,12.06,2026-4-23 04:31:54
2446,磁軸鍵盤,21429,13.86,2026-4-23 01:16:57
2447,護腰帶,21426,11.92,2026-4-23 03:57:40
2448,skintific 氣墊,21418,13.86,2026-4-23 03:29:34
2449,matin kim,21414,13.86,2026-4-23 01:25:05
2450,掛脖風扇,21409,11.66,2026-4-23 12:55:27
2451,平口,21403,13.86,2026-4-23 03:50:02
2452,衛生棉褲,21391,11.92,2026-4-23 08:09:30
2453,獵魔女團,21388,13.86,2026-4-23 04:21:53
2454,森 淨 居所 洗衣機清潔劑,21383,13.86,2026-4-23 12:44:30
2455,機車罩防水防曬,21381,13.86,2026-4-23 04:41:14
2456,太陽能充電板,21380,13.86,2026-4-23 04:31:04
2457,女上衣,21374,13.86,2026-4-23 03:53:20
2458,大腸髮圈,21369,13.86,2026-4-22 09:37:00
2459,泳鏡,21369,13.86,2026-4-23 05:59:42
2460,16pro 手機殼,21367,11.66,2026-4-22 11:17:46
2461,vivo  手機殼,21360,48.62553,2024-4-26 10:01:15
2462,耳機包,21359,13.86,2026-4-23 03:35:17
2463,腳踏車手機架,21346,13.86,2026-4-23 06:55:48
2464,兒童短褲,21339,13.86,2026-4-23 02:43:27
2465,亞培安素,21325,13.86,2026-4-23 09:55:03
2466,藍莓,21318,11.66,2026-4-23 03:59:16
2467,銀魂,21301,13.86,2026-4-23 04:18:13
2468,冰絲上衣,21300,13.86,2026-4-23 01:09:33
2469,星星人週邊,21293,13.86,2026-4-23 02:41:12
2470,medicube,21291,22.76,2026-4-23 03:38:12
2471,小惡魔套裝,21288,13.86,2026-4-23 12:17:36
2472,門後掛鉤,21276,13.86,2026-4-23 04:24:23
2473,盒子,21273,13.86,2026-4-23 04:32:30
2474,延伸置物架,21268,13.86,2026-4-23 04:13:38
2475,春裝,21263,13.86,2026-4-22 08:16:21
2476,機車坐墊套,21251,13.86,2026-4-23 02:34:12
2477,ck內衣,21238,13.86,2026-4-23 03:32:11
2478,核桃,21233,11.92,2026-4-23 03:20:31
2479,150cm小個子女裝,21233,13.86,2026-4-23 02:19:52
2480,大研生醫,21229,13.86,2026-4-23 11:56:15
2481,縫紉機,21226,200.00,2026-4-23 11:23:40
2482,貓碗,21221,12.06,2026-4-23 04:54:24
2483,麵包小偷,21204,13.86,2026-4-23 12:32:45
2484,new balance 530,21202,13.86,2026-4-23 02:23:46
2485,黑色上衣,21201,13.86,2026-4-22 10:05:55
2486,束胸,21196,11.66,2026-4-23 03:03:23
2487,遊戲王 超框,21188,13.86,2026-4-23 03:22:51
2488,收納推車,21186,13.86,2026-4-23 01:13:26
2489,乖乖,21175,13.86,2026-4-23 03:37:08
2490,束褲,21174,11.92,2026-4-23 09:58:37
2491,低腰無痕褲,21173,13.86,2026-4-23 01:54:09
2492,涼感上衣,21160,13.86,2026-4-23 01:06:52
2493,按摩器電動,21160,11.66,2026-4-23 12:30:31
2494,戰鬥陀螺收納盒,21154,13.86,2026-4-23 12:12:18
2495,電競鍵盤,21148,12.06,2026-4-23 04:31:49
2496,充氣帳篷,21147,13.86,2026-4-23 02:58:34
2497,公事包,21146,11.92,2026-4-23 04:07:46
2498,極in 軟糖,21135,13.86,2026-4-23 04:48:52
2499,hoka 女鞋,21134,13.86,2026-4-23 08:08:56
2500,直髮梳,21130,13.86,2026-4-23 03:25:01
2501,冰箱貼,21127,13.86,2026-4-22 11:42:48
2502,餐盤,21124,13.86,2026-4-23 04:12:19
2503,牙寶,21123,13.86,2026-4-23 10:34:43
2504,中夾,21122,11.66,2026-4-23 12:15:00
2505,日系,21119,13.86,2026-4-23 04:44:55
2506,枇杷乾,21116,13.86,2026-4-23 02:22:25
2507,丁字庫女珍珠,21115,13.86,2026-4-23 09:08:37
2508,機車後置物箱,21109,13.86,2026-4-23 12:28:58
2509,洞洞板配件,21104,13.86,2026-4-23 03:45:48
2510,蘭諾衣物芳香豆,21103,13.86,2026-4-23 07:45:21
2511,狗窩,21102,13.86,2026-4-23 12:12:09
2512,馬面裙,21093,13.86,2026-4-23 03:58:39
2513,發電機,21093,13.00,2026-4-23 05:06:31
2514,星星人 泡泡瑪特,21092,13.86,2026-4-23 03:46:38
2515,寶可夢卡,21089,13.86,2026-4-23 03:45:40
2516,髮片,21081,13.86,2026-4-23 12:42:56
2517,頂天立地置物架,21081,13.86,2026-4-23 04:13:38
2518,潤髮,21079,11.92,2026-4-23 04:24:40
2519,充氣沙發,21070,13.86,2026-4-23 03:10:19
2520,壓克力展示架,21064,13.86,2026-4-23 12:50:51
2521,火雞麵,21063,13.86,2026-4-23 01:38:13
2522,鬆餅機,21053,11.66,2026-4-23 12:14:10
2523,淨新醫療口罩,21042,13.86,2026-4-23 04:46:44
2524,汪汪隊,21035,11.92,2026-4-23 01:21:19
2525,磁鐵掛勾,21031,13.86,2026-4-23 02:23:37
2526,厚衛生紙,21026,11.92,2026-4-23 08:33:44
2527,耳夾式藍芽耳機,21026,13.86,2026-4-23 09:21:03
2528,果果能量,21021,13.86,2026-4-23 12:01:59
2529,無袖 t恤,21019,11.66,2026-4-22 06:20:04
2530,摺疊椅,21017,12.06,2026-4-23 05:06:24
2531,巫毒帶,21011,13.84,2026-4-22 02:21:18
2532,多功能 趴趴枕 情侶,20996,13.86,2026-4-23 08:05:38
2533,姓名印章,20990,13.86,2026-4-23 02:02:40
2534,呼拉圈,20984,13.86,2026-4-23 07:32:24
2535,外套男,20979,11.92,2026-4-23 04:07:37
2536,舌苔刷,20974,13.86,2026-4-22 11:43:00
2537,羊毛氈,20969,13.86,2026-4-23 04:54:03
2538,電動 飛機 杯,20959,13.86,2026-4-23 11:59:38
2539,爪刃玩具,20958,13.84,2026-4-22 07:47:55
2540,鼻毛修剪器,20956,11.66,2026-4-23 03:44:22
2541,兒童衣架,20947,13.86,2026-4-23 06:13:23
2542,porter,20944,13.86,2026-4-23 04:56:38
2543,女內褲,20912,11.66,2026-4-22 09:21:47
2544,肉鬆,20912,13.86,2026-4-23 03:47:07
2545,眼鏡掛繩,20908,13.86,2026-4-23 07:52:25
2546,浴室收納箱,20908,13.86,2026-4-23 01:02:17
2547,iphone 11,20907,13.86,2026-4-23 03:31:20
2548,女童內褲,20906,13.86,2026-4-23 12:28:43
2549,浴帽,20896,13.86,2026-4-23 01:28:48
2550,咖啡粉,20894,11.92,2026-4-23 03:30:41
2551,桌上收納盒,20891,13.86,2026-4-23 05:04:26
2552,iphone手錶,20889,13.84,2026-4-22 09:41:03
2553,臥蠶,20876,13.86,2026-4-23 10:25:53
2554,泰國褲子,20872,13.86,2026-4-23 03:21:34
2555,彎月褲,20871,13.86,2026-4-23 04:45:22
2556,止滑襪,20870,13.86,2026-4-23 01:21:22
2557,鬼滅之刃,20869,14.00,2026-4-23 01:57:57
2558,大研生醫魚油,20864,13.86,2026-4-23 04:34:37
2559,兒童節禮物,20862,13.86,2026-4-22 10:41:50
2560,板鞋,20853,13.86,2026-4-23 12:01:38
2561,螢幕架,20821,13.86,2026-4-23 08:01:52
2562,Sui,20816,13.86,2026-4-23 02:58:30
2563,四驅車,20813,13.86,2026-4-23 01:18:46
2564,攪拌機,20803,12.06,2026-4-23 04:36:47
2565,iphone12手機殼,20800,13.86,2026-4-22 11:13:12
2566,洗碗機,20788,11.92,2026-4-23 03:15:31
2567,電競桌,20788,13.86,2026-4-23 11:40:27
2568,包包背帶,20787,13.86,2026-4-23 04:51:18
2569,平口背心,20784,13.86,2026-4-23 03:38:07
2570,allie 防曬,20783,15.00,2026-4-23 02:58:08
2571,漢服,20779,13.86,2026-4-23 03:58:39
2572,綠茶,20767,15.86,2026-4-23 04:13:58
2573,直筒褲,20762,11.92,2026-4-23 03:12:06
2574,浴室水龍頭,20760,12.06,2026-4-23 05:02:23
2575,Dunk,20759,13.86,2026-4-23 01:46:47
2576,雙人床包,20756,11.66,2026-4-22 10:51:29
2577,除毛膏,20754,41.16,2026-4-23 04:51:35
2578,紫色上衣,20753,13.86,2026-4-23 05:05:49
2579,小葉赤楠盆栽,20745,13.86,2026-4-23 04:51:28
2580,new balance 童鞋,20732,13.86,2026-4-23 01:54:19
2581,扭力扳手,20727,13.84,2026-4-22 02:53:34
2582,刀架,20727,13.86,2026-4-23 04:46:24
2583,紅茶,20721,12.06,2026-4-23 04:53:02
2584,推車 折疊,20715,13.86,2026-4-23 04:59:01
2585,ateez,20713,13.86,2026-4-23 05:04:14
2586,casetify,20711,11.92,2026-4-23 02:03:24
2587,馬桶坐墊,20710,13.86,2026-4-23 02:39:45
2588,上衣女生韓版,20709,13.86,2026-4-23 02:05:56
2589,吸塵器無線 超強吸力,20700,13.86,2026-4-23 12:29:06
2590,菜刀,20693,13.86,2026-4-23 04:42:57
2591,網格片,20691,13.86,2026-4-23 03:26:53
2592,吸水地墊,20690,11.92,2026-4-23 03:36:23
2593,小香風上衣,20690,13.86,2026-4-23 10:23:08
2594,訂書機,20681,13.86,2026-4-23 11:59:42
2595,房間佈置收納櫃,20674,13.84,2026-4-22 12:04:20
2596,融蠟燈,20647,13.86,2026-4-23 03:50:16
2597,涼蓆,20644,13.86,2026-4-23 03:11:11
2598,潮港城 餐券,20640,13.86,2026-4-23 07:50:48
2599,貓砂墊,20631,13.86,2026-4-23 08:36:42
2600,招財貓,20622,13.86,2026-4-23 09:35:40
2601,飛利浦行動電源,20621,13.86,2026-4-23 01:07:57
2602,奧特曼,20605,13.86,2026-4-23 04:54:36
2603,拍立得代印,20597,13.86,2026-4-23 04:47:47
2604,內搭,20571,13.86,2026-4-23 02:01:12
2605,cx16 戰鬥陀螺,20565,13.86,2026-4-23 04:09:33
2606,無鋼圈,20564,20.00,2026-4-23 05:02:53
2607,火柴,20558,13.86,2026-4-23 03:26:56
2608,按摩椅,20549,13.84,2026-4-22 04:01:02
2609,plave,20541,13.86,2026-4-23 03:29:41
2610,模型,20541,13.86,2026-4-23 04:56:59
2611,apple watch 充電,20538,13.86,2026-4-23 03:54:35
2612,chanel,20534,11.66,2026-4-23 12:06:14
2613,理膚寶水防曬,20527,11.92,2026-4-23 08:05:30
2614,吉伊卡哇 娃娃,20523,13.86,2026-4-23 10:56:47
2615,棒棒糖,20516,13.86,2026-4-23 03:09:34
2616,娃娃收納,20512,13.86,2026-4-23 02:18:00
2617,grl,20512,13.86,2026-4-22 07:26:58
2618,男生長褲,20510,12.00,2026-4-23 02:53:52
2619,lv,20492,13.86,2026-4-23 04:40:23
2620,mlb帽子,20491,13.86,2026-4-23 04:15:40
2621,poco x7 pro,20490,13.86,2026-4-23 03:27:48
2622,大尺碼牛仔褲,20486,13.86,2026-4-23 07:33:44
2623,曬衣架 折疊 伸縮 可移動,20486,13.86,2026-4-23 10:06:56
2624,ux 03,20479,13.86,2026-4-23 01:49:44
2625,apgo,20475,11.66,2026-4-22 11:44:04
2626,雅漾活泉水,20474,11.92,2026-4-23 12:09:56
2627,封口貼,20466,13.86,2026-4-23 11:27:26
2628,草莓,20462,11.92,2026-4-23 01:58:25
2629,假屌,20462,13.84,2026-4-22 12:01:58
2630,項鍊男,20459,11.92,2026-4-23 08:02:23
2631,星星,20457,13.86,2026-4-23 03:20:59
2632,衛生紙架,20454,13.86,2026-4-23 12:22:18
2633,外接硬碟,20449,11.92,2026-4-23 04:18:59
2634,kyt 安全帽,20449,13.86,2026-4-23 05:04:31
2635,紗網,20443,13.86,2026-4-23 04:50:40
2636,口罩 淨新,20442,13.86,2026-4-23 04:46:43
2637,補蚊燈 台灣製造,20441,13.86,2026-4-23 02:02:31
2638,壓力鍋,20440,11.92,2026-4-23 03:47:39
2639,寶可夢卡套,20435,13.86,2026-4-22 11:23:15
2640,蕾絲襯衫,20431,13.86,2026-4-23 04:44:55
2641,鏡面手機殼,20406,11.92,2026-4-23 04:03:22
2642,五匹手機架,20398,11.92,2026-4-23 01:19:33
2643,泳帽,20378,13.86,2026-4-23 12:17:49
2644,Essentials,20376,13.86,2026-4-23 12:02:33
2645,bosch,20375,13.86,2026-4-23 02:19:19
2646,補蚊神器,20370,11.92,2026-4-23 12:43:55
2647,踩屎感拖鞋,20345,13.86,2026-4-23 02:15:54
2648,健身器材,20345,11.92,2026-4-23 02:24:52
2649,AHC,20338,13.86,2026-4-23 04:35:29
2650,掛鐘,20336,12.06,2026-4-23 04:51:13
2651,蜘蛛人,20333,13.86,2026-4-23 02:56:37
2652,苦瓜胜肽,20333,36.00,2026-4-22 08:28:05
2653,凸面鏡,20328,13.86,2026-4-23 02:49:53
2654,韓國棉被,20313,11.92,2026-4-23 08:57:08
2655,雙人沙發,20305,12.06,2026-4-23 04:42:47
2656,吸管套,20302,13.86,2026-4-23 02:12:03
2657,拔罐器,20298,13.86,2026-4-23 02:11:28
2658,牛仔襯衫,20297,13.86,2026-4-23 11:16:04
2659,婚禮小物,20291,11.92,2026-4-23 10:36:03
2660,咖波,20272,13.86,2026-4-23 04:34:49
2661,雪之上,20271,13.86,2026-4-23 04:17:10
2662,ipad  9 保護套,20264,60.01539,2024-4-26 10:01:18
2663,ddr4,20263,13.86,2026-4-23 03:14:11
2664,polo衫女,20263,13.86,2026-4-22 11:31:53
2665,飛利浦電動牙刷,20252,13.86,2026-4-23 04:27:58
2666,小椅子,20244,11.92,2026-4-23 03:48:07
2667,十字架項鍊,20233,11.92,2026-4-23 03:45:36
2668,airpods pro,20233,12.66,2026-4-22 12:01:58
2669,工裝短褲,20232,13.86,2026-4-23 08:19:50
2670,2002r,20230,13.86,2026-4-23 02:03:16
2671,塑膠杯,20216,13.86,2026-4-23 04:36:30
2672,coach包包,20212,13.86,2026-4-23 04:06:00
2673,人類狗窩,20208,13.86,2026-4-22 10:49:55
2674,禮物,20197,12.06,2026-4-23 04:42:18
2675,膳魔師保溫瓶,20195,13.86,2026-4-23 04:46:41
2676,全罩式安全帽,20185,13.86,2026-4-23 05:04:32
2677,信封,20182,13.86,2026-4-23 04:52:13
2678,poco x8 pro max,20161,13.86,2026-4-23 01:30:48
2679,泡泡瑪特官方旗艦店商城,20157,13.86,2026-4-23 01:56:55
2680,重磅短t,20140,11.92,2026-4-23 02:37:44
2681,香氛蠟燭,20118,12.06,2026-4-23 05:02:28
2682,防滑拖鞋,20111,13.86,2026-4-23 04:14:47
2683,情侶,20109,13.86,2026-4-23 02:33:20
2684,自動攪拌杯,20102,13.86,2026-4-23 04:40:26
2685,麻布袋,20091,13.86,2026-4-22 06:04:55
2686,不鏽鋼碗,20088,13.86,2026-4-23 12:25:56
2687,質感手機殼,20086,11.92,2026-4-23 02:21:13
2688,孕婦褲,20066,13.86,2026-4-23 06:54:28
2689,短t,20064,11.92,2026-4-23 02:29:24
2690,男裝,20062,11.92,2026-4-23 01:54:37
2691,防踢被,20055,13.86,2026-4-22 09:42:35
2692,運動襪,20055,11.92,2026-4-23 03:43:21
2693,夏天 上衣女裝,20053,13.86,2026-4-23 12:44:55
2694,龍王閃擊,20050,13.86,2026-4-23 07:32:05
2695,燈座,20044,13.86,2026-4-23 05:05:29
2696,半身裙,20041,13.86,2026-4-23 01:21:58
2697,康普茶,20041,13.86,2026-4-23 12:25:27
2698,布鞋,20034,13.86,2026-4-23 04:06:32
2699,梳妝台,20026,13.86,2026-4-23 04:41:51
2700,乳夾,20024,13.86,2026-4-23 04:26:13
2701,B5,20015,11.92,2026-4-23 01:22:46
2702,勁戰,20010,13.86,2026-4-23 03:52:56
2703,snoopy,20009,13.86,2026-4-23 04:33:38
2704,床單固定器,20003,13.86,2026-4-23 04:28:46
2705,泡沫噴壺,19999,11.92,2026-4-23 01:35:34
2706,obge 素顏霜,19997,13.86,2026-4-23 06:16:47
2707,airpods pro 保護殼,19996,13.86,2026-4-23 04:33:45
2708,desire shop,19973,13.86,2026-4-23 12:25:37
2709,esim 泰國,19971,13.86,2026-4-23 11:11:16
2710,資生堂,19969,25.00,2026-4-23 01:33:42
2711,莫代爾睡衣,19968,13.86,2026-4-23 04:41:17
2712,鈕扣,19959,13.86,2026-4-23 04:12:04
2713,設計感上衣,19944,13.86,2026-4-23 03:25:06
2714,戰鬥陀螺盤,19940,13.86,2026-4-23 02:07:15
2715,亞瑟士安全鞋,19939,13.86,2026-4-23 09:27:04
2716,阿波,19936,13.86,2026-4-23 04:49:22
2717,薄外套 韓國,19935,13.86,2026-4-23 02:18:03
2718,iphone 手機殼,19934,13.86,2026-4-23 03:59:44
2719,指壓板,19933,13.86,2026-4-23 09:43:18
2720,藍色洋裝,19920,13.86,2026-4-23 12:22:33
2721,日系襯衫,19917,13.86,2026-4-23 04:00:37
2722,微辣上衣大尺碼,19900,13.86,2026-4-23 04:56:43
2723,tiitent,19888,13.86,2026-4-23 04:47:15
2724,紗布,19885,13.86,2026-4-23 04:56:19
2725,固齒器,19884,13.86,2026-4-23 08:23:28
2726,小型按摩器,19878,13.86,2026-4-23 01:14:00
2727,氣氛燈,19876,11.92,2026-4-23 03:09:42
2728,椅套,19872,13.86,2026-4-23 03:59:42
2729,dji,19860,12.06,2026-4-23 05:05:53
2730,switch2 遊戲片,19854,13.86,2026-4-22 10:38:59
2731,匹克球,19851,13.86,2026-4-23 10:33:39
2732,戰鬥陀螺軸心,19845,13.86,2026-4-23 03:28:12
2733,椰子水,19840,13.86,2026-4-23 02:58:01
2734,酒精棉片,19829,13.86,2026-4-23 01:29:50
2735,#鏡面手機殼,19826,280.0,2024-4-26 10:01:21
2736,泡泡染,19822,11.66,2026-4-22 11:05:08
2737,學習筷,19822,13.86,2026-4-23 05:02:13
2738,腋下包,19820,13.86,2026-4-23 06:55:17
2739,Clio,19815,15.00,2026-4-23 02:40:49
2740,安全帶扣,19790,13.86,2026-4-23 04:50:42
2741,汽車貼紙,19787,13.86,2026-4-23 04:32:57
2742,re love除毛膏,19787,13.86,2026-4-23 08:23:46
2743,上課玩具,19783,13.86,2026-4-23 04:24:49
2744,捲髮棒,19779,219.72,2026-4-23 04:06:24
2745,玫瑰,19776,13.86,2026-4-23 04:08:27
2746,gt cut 3,19775,13.86,2026-4-23 12:37:46
2747,office 365 永久,19774,13.86,2026-4-23 11:11:46
2748,ipad 11代,19768,13.84,2026-4-22 07:05:44
2749,星星人手機殼,19766,13.86,2026-4-23 12:01:55
2750,南亞保鮮膜 200 尺,19760,13.86,2026-4-23 12:24:16
2751,戀與深空,19733,13.86,2026-4-23 03:24:25
2752,寶可夢卡包,19731,13.86,2026-4-23 11:20:23
2753,琥珀太太,19715,13.86,2026-4-23 03:56:31
2754,像素皮卡丘,19714,13.84,2026-4-22 02:34:22
2755,慕斯,19712,11.92,2026-4-23 03:21:11
2756,分解茶,19700,13.86,2026-4-23 04:07:41
2757,飲料杯,19700,11.66,2026-4-22 11:46:59
2758,抽風機,19698,13.86,2026-4-23 04:48:11
2759,識別證,19694,13.86,2026-4-23 05:07:21
2760,母子鱷魚拖鞋,19693,13.86,2026-4-23 05:02:24
2761,素色 t恤,19692,12.06,2026-4-23 04:40:21
2762,滅火器,19688,13.86,2026-4-23 08:14:41
2763,雨衣 兩件式,19675,13.86,2026-4-23 01:36:53
2764,一斤耐熱袋,19670,13.86,2026-4-23 12:33:44
2765,水苔,19668,13.86,2026-4-23 03:50:09
2766,FILA,19655,13.86,2026-4-23 12:03:45
2767,果醬,19654,16.24,2026-4-23 05:01:46
2768,人工淚液,19654,13.86,2026-4-23 12:40:41
2769,snow peak,19649,13.86,2026-4-23 09:16:02
2770,samba,19647,13.86,2026-4-23 03:41:25
2771,電動飛機杯,19636,13.86,2026-4-22 09:23:46
2772,蠟筆小新公仔,19629,13.86,2026-4-23 04:20:28
2773,安耐曬,19628,14.56,2026-4-23 02:08:12
2774,adidas 鞋,19622,13.86,2026-4-22 11:18:13
2775,日系洋裝套裝,19616,13.86,2026-4-23 03:51:44
2776,黑隼手機架,19611,11.66,2026-4-23 02:22:32
2777,理膚寶水 b5 全面修復霜,19605,11.92,2026-4-23 01:22:46
2778,收涎餅乾,19596,13.86,2026-4-23 01:36:58
2779,麻布手提袋,19594,13.86,2026-4-23 04:21:12
2780,洋車前子粉,19588,11.92,2026-4-23 10:30:24
2781,富發牌,19585,13.84,2026-4-22 08:46:55
2782,美式短袖t恤,19577,13.86,2026-4-23 10:18:59
2783,炒鍋,19574,12.06,2026-4-23 05:03:05
2784,設計感洋裝,19565,13.86,2026-4-23 05:06:39
2785,馬甲背心,19565,13.86,2026-4-23 05:04:49
2786,a55,19559,11.92,2026-4-23 11:21:38
2787,五斗櫃,19558,13.86,2026-4-22 04:25:09
2788,設計師洋裝,19551,13.86,2026-4-23 02:27:20
2789,安睡褲,19550,11.92,2026-4-23 11:31:12
2790,腳踏車配件,19550,13.86,2026-4-23 04:37:03
2791,吹風機架,19549,13.86,2026-4-23 09:12:16
2792,olive young,19548,13.86,2026-4-23 12:27:58
2793,熱敷墊,19545,12.06,2026-4-23 05:05:56
2794,奈米家族垃圾袋,19543,13.86,2026-4-23 04:26:30
2795,傳輸線,19541,11.92,2026-4-23 03:46:36
2796,布包包,19538,13.86,2026-4-23 02:27:02
2797,洞洞板置物架,19537,13.86,2026-4-23 03:45:48
2798,蹦蛋,19524,13.86,2026-4-23 02:29:50
2799,紙,19520,13.86,2026-4-23 03:13:03
2800,刺繡,19504,13.86,2026-4-23 03:33:48
2801,jo malone,19501,13.86,2026-4-23 05:02:21
2802,馬玉山,19501,13.86,2026-4-23 02:00:07
2803,辣椒醬,19494,13.86,2026-4-23 04:34:10
2804,勃肯拖鞋,19489,13.86,2026-4-23 12:52:33
2805,電霸,19486,11.92,2026-4-23 10:56:43
2806,餐邊櫃,19483,13.86,2026-4-23 01:28:44
2807,毛巾 台灣製,19482,13.86,2026-4-23 04:29:32
2808,卡式爐,19482,13.86,2026-4-23 09:54:10
2809,水龍頭轉接頭,19473,13.86,2026-4-23 04:45:18
2810,沈水馬達,19464,13.86,2026-4-23 02:09:52
2811,白沙屯媽祖警示燈,19447,13.86,2026-4-23 04:15:41
2812,日系穿搭,19446,12.00,2026-4-23 03:42:31
2813,美白,19427,11.92,2026-4-23 04:05:20
2814,迷你相機,19426,11.92,2026-4-23 04:23:55
2815,水餃包,19425,13.86,2026-4-23 07:44:11
2816,type c,19422,12.06,2026-4-23 04:59:46
2817,傘,19422,13.86,2026-4-23 04:23:56
2818,老花眼鏡 抗藍光 臺灣製,19417,13.86,2026-4-23 08:03:47
2819,手把,19415,12.00,2026-4-23 01:38:18
2820,礦泉水,19413,12.06,2026-4-23 04:42:08
2821,修正帶,19399,13.86,2026-4-23 11:11:31
2822,紗布巾,19374,12.06,2026-4-23 04:56:19
2823,球衣,19363,13.86,2026-4-23 04:33:31
2824,5W30,19361,13.86,2026-4-23 03:14:36
2825,止汗,19345,12.00,2026-4-23 07:33:50
2826,上班族 女裝 韓系氣質,19345,13.86,2026-4-23 12:51:27
2827,皮克敏 盒玩,19343,13.86,2026-4-23 07:08:30
2828,和室椅,19341,13.86,2026-4-23 12:14:53
2829,正韓女裝,19341,13.86,2026-4-23 04:40:28
2830,new era,19335,13.86,2026-4-23 12:28:56
2831,油工廠,19334,13.86,2026-4-23 04:23:25
2832,krv,19327,13.86,2026-4-23 04:42:15
2833,車用充電器,19326,11.92,2026-4-23 11:56:45
2834,噴霧瓶,19326,11.92,2026-4-23 03:57:15
2835,排汗衫 男,19323,13.86,2026-4-22 07:56:31
2836,配方時代葉黃素,19322,13.86,2026-4-23 01:39:25
2837,美津濃安全鞋,19322,13.86,2026-4-22 05:40:28
2838,薄荷棒,19317,13.86,2026-4-23 12:01:59
2839,枸杞,19315,13.86,2026-4-23 09:53:23
2840,半成品 美食,19308,13.86,2026-4-23 02:17:11
2841,鬆緊帶,19307,13.86,2026-4-23 04:56:16
2842,帶胸墊式睡衣,19296,13.86,2026-4-23 02:10:39
2843,大容量水壺,19295,13.86,2026-4-23 01:38:59
2844,壁扇,19295,13.86,2026-4-23 12:46:17
2845,泡泡,19293,11.92,2026-4-23 03:57:44
2846,鍋蓋,19291,11.92,2026-4-23 07:48:05
2847,蚊帳雙人,19280,11.92,2026-4-23 03:40:52
2848,巴黎萊雅,19267,50.00,2026-4-23 10:50:59
2849,cd 播放器,19262,13.86,2026-4-23 05:03:02
2850,老虎鉗,19259,13.86,2026-4-22 11:25:53
2851,饗食天堂 餐券,19245,13.86,2026-4-23 02:40:39
2852,大尺碼褲子,19244,13.86,2026-4-23 02:44:08
2853,niko and,19240,13.86,2026-4-23 10:08:43
2854,桌面收納,19237,13.86,2026-4-23 05:04:27
2855,iphone 17 保護貼,19236,13.86,2026-4-23 04:27:40
2856,運動水壺,19235,13.86,2026-4-23 07:19:28
2857,跑步聖誕樹,19232,18.00,2025-1-21 12:08:11
2858,釣魚冰箱,19224,13.86,2026-4-23 02:49:49
2859,杏仁酸,19224,70.00,2026-4-23 01:27:29
2860,porter 包,19224,13.86,2026-4-23 04:56:38
2861,一條根,19222,13.86,2026-4-23 02:30:55
2862,酒精 75%,19207,13.86,2026-4-23 02:29:05
2863,蝦皮直營商城,19197,13.86,2026-4-23 04:27:23
2864,歐拉夫,19194,12.06,2026-4-23 04:33:38
2865,日系 穿搭 女 夏天,19192,13.86,2026-4-23 05:06:55
2866,遮肚子上衣,19190,13.86,2026-4-23 12:12:55
2867,kitty吊飾,19186,13.86,2026-4-23 11:42:02
2868,畫框,19185,12.06,2026-4-23 04:53:27
2869,印表機,19175,13.86,2026-4-23 09:13:13
2870,tory burch 包,19172,13.86,2026-4-23 03:41:51
2871,闊腿褲,19172,11.92,2026-4-23 03:44:02
2872,緊身連身裙,19160,13.86,2026-4-23 09:10:20
2873,吹風機支架,19153,14.00,2026-4-23 12:01:55
2874,澎澎沐浴乳,19153,13.86,2026-4-23 12:01:58
2875,膠水,19152,11.92,2026-4-23 03:55:33
2876,排球鞋,19145,13.86,2026-4-23 11:02:00
2877,三色碗,19140,13.86,2026-4-23 10:34:04
2878,褲鏈,19140,13.86,2026-4-23 03:20:07
2879,3m工作手套,19137,13.86,2026-4-23 08:25:32
2880,瑜珈褲,19134,13.86,2026-4-23 12:08:18
2881,汽車頭枕,19130,11.92,2026-4-23 03:19:38
2882,情侶裝,19112,13.86,2026-4-23 08:03:56
2883,燈具,19104,13.86,2026-4-23 04:59:43
2884,小米手環10錶帶,19098,13.86,2026-4-23 01:10:39
2885,nike 籃球鞋,19096,13.86,2026-4-23 04:56:57
2886,(二手),19094,12.48963,2024-4-26 10:01:25
2887,[二手],19094,13.55982,2024-4-26 10:01:25
2888,溫柔系穿搭,19093,13.86,2026-4-23 02:50:34
2889,噴漆,19090,13.86,2026-4-23 04:56:40
2890,蛋殼睡墊,19089,13.86,2026-4-23 03:09:14
2891,林志傑,19088,13.86,2026-4-23 03:01:11
2892,布料,19081,13.86,2026-4-23 05:04:39
2893,dyson 吸塵器,19079,13.86,2026-4-23 04:54:17
2894,日系 t恤,19073,13.86,2026-4-23 03:42:52
2895,化妝包 韓國ins,19072,13.86,2026-4-23 04:18:27
2896,模具,19071,13.86,2026-4-23 04:48:28
2897,福利品包包,19065,13.86,2026-4-23 04:36:03
2898,ilso 粉刺導出液,19062,20.16,2026-4-23 05:02:30
2899,iphone 17e,19062,13.84,2026-4-22 12:01:58
2900,涼感被,19057,12.06,2026-4-23 04:40:33
2901,智慧手錶,19056,11.92,2026-4-23 03:07:05
2902,j space,19056,13.86,2026-4-23 04:30:00
2903,皮克敏娃娃 正版,19053,13.86,2026-4-23 06:00:29
2904,ddr4 16g,19038,13.86,2026-4-23 03:14:11
2905,usb 延長線,19038,11.92,2026-4-23 03:01:34
2906,背心外套,19035,13.86,2026-4-23 05:04:49
2907,調理包,19032,13.86,2026-4-23 12:19:57
2908,太陽能感應燈,19031,13.86,2026-4-23 04:31:05
2909,誠品線上,19015,13.86,2026-4-23 02:00:31
2910,花王洗髮精,19007,25.00,2026-4-23 03:34:00
2911,優格杯,19003,13.86,2026-4-23 02:55:53
2912,switch lite,18994,13.86,2026-4-23 01:43:54
2913,二手衣,18988,13.86,2026-4-23 04:21:48
2914,錢包男,18980,13.86,2026-4-23 04:35:51
2915,麵包,18963,13.86,2026-4-23 04:25:22
2916,貝膚黛瑪,18959,11.92,2026-4-23 03:00:40
2917,鄧紫棋,18953,13.86,2026-4-23 04:22:09
2918,二手,18951,13.86,2026-4-23 12:41:45
2919,假髮片,18951,13.86,2026-4-23 05:26:06
2920,拉鍊頭,18948,13.86,2026-4-23 11:40:30
2921,遮陽網,18946,13.86,2026-4-23 01:34:05
2922,帽子女,18942,13.86,2026-4-23 05:05:58
2923,運動服,18939,11.92,2026-4-23 09:35:32
2924,insta360 x5,18937,20.00,2026-4-23 11:04:33
2925,工裝裙,18937,13.86,2026-4-23 12:20:22
2926,外搭背心,18936,13.86,2026-4-23 05:04:49
2927,生日禮物 女孩,18925,13.86,2026-4-23 04:00:40
2928,白襪,18922,24.44,2026-4-23 03:43:21
2929,多肉,18922,13.86,2026-4-23 04:06:34
2930,定妝,18921,19.20,2026-4-23 02:28:14
2931,211餐盤,18914,13.86,2026-4-23 04:12:18
2932,羽球衣,18912,13.86,2026-4-23 01:38:11
2933,三星 a55 手機殼,18907,13.86,2026-4-23 02:35:02
2934,橘朵修容,18905,13.86,2026-4-23 12:03:33
2935,牧田,18905,13.86,2026-4-23 04:40:52
2936,salonia 離子夾,18884,13.86,2026-4-23 11:06:01
2937,腰鏈,18880,13.84,2026-4-22 02:10:04
2938,肥皂架,18872,13.86,2026-4-23 02:41:59
2939,遮瑕刷,18869,21.60,2026-4-23 12:22:09
2940,螺絲粉,18863,13.84,2026-4-22 12:02:02
2941,保鮮膜套,18863,13.86,2026-4-23 12:24:16
2942,體重機,18860,13.86,2026-4-23 04:02:02
2943,plain me,18860,13.86,2026-4-22 09:49:40
2944,拖鞋室內,18857,13.86,2026-4-23 04:14:47
2945,防衛神器,18851,11.36,2026-1-25 12:07:53
2946,百獸戰隊,18823,13.86,2026-4-23 04:05:12
2947,黑色垃圾袋,18822,13.86,2026-4-23 04:26:30
2948,引磁布,18813,13.86,2026-4-23 03:59:16
2949,收腰洋裝,18811,13.86,2026-4-23 05:06:38
2950,薑黃,18809,13.86,2026-4-23 05:53:08
2951,卡西歐手錶,18797,13.86,2026-4-23 02:41:31
2952,海邊穿搭套裝,18793,13.84,2026-4-22 12:46:48
2953,奶瓶刷,18787,13.86,2026-4-23 04:30:30
2954,靠得住衛生棉,18786,11.92,2026-4-23 12:48:38
2955,置物籃,18782,13.86,2026-4-23 04:53:22
2956,置物推車,18779,13.86,2026-4-23 01:13:27
2957,包裝紙,18772,13.86,2026-4-23 11:08:33
2958,solone 刷具,18771,44.54,2026-4-23 01:16:05
2959,兒童書桌,18762,13.86,2026-4-23 04:53:56
2960,帝王蟹罐頭,18762,13.86,2026-4-23 02:05:33
2961,汽車遮陽簾,18756,13.86,2026-4-23 12:29:41
2962,esp32,18751,13.86,2026-4-23 04:59:13
2963,乾髮帽,18747,13.86,2026-4-23 01:28:48
2964,烘衣機,18746,14.66,2026-4-23 11:37:40
2965,燈籠褲,18744,13.86,2026-4-23 03:44:02
2966,韓國套裝夏天,18744,13.86,2026-4-22 08:12:12
2967,床頭燈,18742,11.66,2026-4-22 10:30:31
2968,上衣女,18740,13.86,2026-4-22 10:42:45
2969,隨行杯,18733,11.92,2026-4-23 03:35:15
2970,茶,18731,12.06,2026-4-23 04:57:50
2971,端子鏡,18729,13.86,2026-4-23 12:48:47
2972,微胖女生穿搭,18723,13.86,2026-4-23 03:56:54
2973,adidas samba,18714,13.86,2026-4-23 03:41:25
2974,印泥,18710,13.86,2026-4-23 11:17:13
2975,美津濃慢跑鞋,18707,13.86,2026-4-23 04:33:41
2976,adidas 拖鞋,18702,13.86,2026-4-23 03:01:43
2977,iphone 17e 手機殼,18697,13.86,2026-4-23 03:13:52
2978,汽車,18686,11.66,2026-4-22 11:10:11
2979,辦公室 療癒 小物 文具,18682,13.86,2026-4-23 04:57:54
2980,棉麻洋裝,18680,13.86,2026-4-23 03:51:36
2981,剪標女裝,18674,13.86,2026-4-23 12:44:54
2982,小提袋,18671,13.86,2026-4-23 01:20:57
2983,貍想世界 蜥蜴 周邊,18664,13.86,2026-4-23 04:25:36
2984,米奇,18660,13.86,2026-4-23 04:06:44
2985,螢幕保護貼,18658,15.76,2026-4-23 04:27:40
2986,迷彩褲,18657,13.86,2026-4-23 11:26:28
2987,阿嬤褲,18653,13.86,2026-4-23 02:50:32
2988,美容儀,18650,19.20,2026-4-23 02:19:31
2989,車用,18648,11.92,2026-4-23 03:28:21
2990,收銀機,18647,13.86,2026-4-23 11:01:27
2991,貴婦裝,18623,13.86,2026-4-23 01:45:54
2992,防蚊包,18617,13.86,2026-4-23 02:14:47
2993,無內襯超短裙,18610,13.86,2026-4-23 01:49:40
2994,電子雞,18609,13.86,2026-4-23 04:00:18
2995,coach 斜背包,18606,13.86,2026-4-23 04:06:00
2996,金豆,18598,13.86,2026-4-23 06:15:52
2997,防水布,18597,13.86,2026-4-23 03:30:03
2998,包中包,18597,13.86,2026-4-23 02:21:41
2999,髮,18596,12.00,2026-4-23 03:54:53
3000,貼紙客製化,18589,13.86,2026-4-23 03:31:28
3001,太陽能板,18584,11.66,2026-4-23 12:34:47
3002,oversize t恤,18581,13.86,2026-4-23 03:42:52
3003,oppo reno15手機殼,18574,13.86,2026-4-23 04:02:05
3004,biore 防曬,18573,11.66,2026-4-23 06:27:56
3005,捏捏,18567,13.86,2026-4-23 04:24:49
3006,窗簾軌道,18567,13.86,2026-4-22 08:08:58
3007,戰鬥陀螺 x 發射器,18564,13.86,2026-4-23 12:36:09
3008,暴力風扇,18563,13.86,2026-4-23 11:37:58
3009,麥當勞,18558,13.86,2026-4-23 04:56:21
3010,彈珠台,18556,13.86,2026-4-23 10:59:39
3011,錢包女,18553,13.86,2026-4-23 10:38:49
3012,窗簾布,18550,13.86,2026-4-23 03:47:17
3013,type c 轉接頭,18541,13.86,2026-4-23 05:05:51
3014,焦慮戒指,18540,13.86,2026-4-23 04:25:34
3015,s25手機殼,18540,13.86,2026-4-23 03:31:40
3016,寶可夢卡匣,18532,13.86,2026-4-23 03:16:02
3017,蓮蓬頭水管,18528,13.86,2026-4-23 04:35:49
3018,韓系包包,18528,13.86,2026-4-23 04:19:21
3019,魚尾裙,18527,13.86,2026-4-23 02:46:25
3020,涼鞋男,18524,13.86,2026-4-23 04:19:55
3021,機車罩,18512,13.86,2026-4-23 04:41:14
3022,夏天套裝,18511,13.86,2026-4-23 12:41:07
3023,雪平鍋,18507,13.86,2026-4-22 04:32:53
3024,千斤頂,18501,13.86,2026-4-22 05:01:03
3025,attention2015,18498,13.84,2026-4-22 12:02:02
3026,免洗襪,18496,13.86,2026-4-23 04:28:19
3027,vacancy 上衣,18492,13.86,2026-4-23 06:53:42
3028,小型洗衣機,18487,13.86,2026-4-23 04:54:26
3029,韓國童裝,18487,13.86,2026-4-23 07:09:13
3030,雨傘王,18487,13.84,2026-4-22 02:06:03
3031,uv100,18481,13.86,2026-4-23 12:02:34
3032,海倫仙度絲去屑洗髮精,18481,13.86,2026-4-23 04:07:17
3033,春風抽取式衛生紙,18480,11.66,2026-4-23 02:28:15
3034,不織布,18448,13.86,2026-4-22 10:34:03
3035,電動刮鬍機,18444,11.66,2026-4-23 06:29:03
3036,LED燈,18439,12.06,2026-4-23 05:04:59
3037,護色洗髮精,18434,33.78,2026-4-23 05:04:54
3038,ralph lauren,18433,13.86,2026-4-23 12:15:18
3039,電子琴,18430,12.00,2026-4-23 04:12:21
3040,apple watch s11,18430,11.92,2026-4-23 04:15:04
3041,筋膜按摩搶,18425,13.86,2026-4-23 02:10:57
3042,瑜珈球,18424,11.92,2026-4-23 02:54:27
3043,cortis 專輯,18414,13.86,2026-4-23 12:06:28
3044,rosy rosa 粉撲,18405,13.86,2026-4-23 04:52:37
3045,培養土,18403,13.86,2026-4-23 04:53:24
3046,粉,18401,13.84,2026-4-22 12:02:02
3047,小茶几,18401,13.86,2026-4-23 04:07:30
3048,手拿包,18399,12.06,2026-4-23 04:49:44
3049,蛋捲桌,18397,13.86,2026-4-23 03:21:08
3050,收腰連身裙,18393,13.86,2026-4-23 05:06:38
3051,鋁梯,18393,13.86,2026-4-23 04:22:27
3052,電風扇 16吋,18390,13.86,2026-4-23 03:04:03
3053,便條紙,18386,13.86,2026-4-23 12:31:19
3054,洗澡椅,18377,13.86,2026-4-23 02:39:17
3055,milbon 護髮,18364,13.86,2026-4-23 09:59:15
3056,解壓玩具,18360,13.86,2026-4-23 02:50:53
3057,孕婦洋裝,18359,13.86,2026-4-22 06:55:53
3058,貓眼指甲油,18352,13.86,2026-4-23 04:07:49
3059,二手包包,18349,13.86,2026-4-23 01:12:21
3060,瑜伽磚,18349,11.66,2026-4-22 05:58:20
3061,白色長褲,18339,13.86,2026-4-23 04:11:10
3062,大創,18338,13.86,2026-4-23 01:08:23
3063,大尺碼女鞋,18327,13.86,2026-4-23 08:21:20
3064,滿意寶寶晚安褲,18320,13.86,2026-4-23 04:57:14
3065,韓國外套,18318,13.86,2026-4-23 02:18:03
3066,排汗衫,18309,11.92,2026-4-23 03:55:30
3067,輪胎,18307,13.86,2026-4-23 04:26:23
3068,涼鞋女厚底,18305,13.86,2026-4-23 01:18:55
3069,個性洋裝,18304,13.86,2026-4-23 10:34:51
3070,角落生物,18290,13.86,2026-4-23 09:31:03
3071,氣泡紙,18289,13.86,2026-4-23 04:28:40
3072,nike正版,18284,13.86,2026-4-23 04:37:56
3073,維生素D,18282,11.92,2026-4-23 04:05:36
3074,球,18272,13.86,2026-4-23 03:29:43
3075,路由器,18270,11.92,2026-4-23 03:53:56
3076,足弓訓練器,18267,13.86,2026-4-23 12:24:39
3077,28吋行李箱,18261,13.40,2026-4-23 02:50:58
3078,機車包,18261,13.86,2026-4-23 07:51:35
3079,氣墊鞋,18259,13.86,2026-4-23 03:11:54
3080,藍芽鍵盤,18257,11.92,2026-4-23 09:10:26
3081,鍍膜,18257,11.92,2026-4-23 03:23:00
3082,三星a56手機殼,18255,13.86,2026-4-23 03:24:30
3083,上課小玩具無聲,18255,13.86,2026-4-23 06:05:22
3084,母子鱷魚,18246,13.86,2026-4-22 06:54:34
3085,西堤餐券,18245,13.86,2026-4-22 09:31:31
3086,順易利口罩,18244,11.92,2026-4-23 07:41:59
3087,1luvlist,18241,13.86,2026-4-22 05:21:08
3088,端子,18230,13.86,2026-4-23 04:47:57
3089,科學麵,18224,13.86,2026-4-23 11:24:56
3090,彈簧,18220,13.86,2026-4-23 02:10:50
3091,顯示餘額悠遊卡,18213,13.86,2026-4-23 01:16:53
3092,1906,18210,13.86,2026-4-23 10:20:08
3093,鑄鐵鍋,18207,13.86,2026-4-23 12:30:00
3094,dior  香水,18204,143.37977,2024-4-26 10:01:28
3095,歌劇魅影 遮瑕,18194,13.86,2026-4-23 07:40:30
3096,卡片夾,18191,12.06,2026-4-23 04:55:43
3097,粗鹽,18184,13.86,2026-4-23 10:43:32
3098,虎爺,18182,13.86,2026-4-22 11:39:59
3099,new balance 327,18180,13.86,2026-4-23 03:58:15
3100,月光石,18179,13.86,2026-4-23 03:26:49
3101,看護墊,18177,13.86,2026-4-22 09:49:32
3102,aape,18177,13.86,2026-4-23 11:45:33
3103,水晶貼紙,18175,13.86,2026-4-23 03:20:09
3104,SEVENTEEN,18172,13.86,2026-4-23 03:13:32
3105,救生衣,18171,13.86,2026-4-23 04:24:35
3106,補體素,18170,13.86,2026-4-23 11:50:26
3107,酵素,18168,11.92,2026-4-23 02:18:31
3108,發泡錠,18166,13.86,2026-4-23 03:48:13
3109,百變怪,18161,13.86,2026-4-23 07:34:01
3110,數碼寶貝,18154,13.86,2026-4-23 07:47:12
3111,手機殼 ins 韓風,18148,13.86,2026-4-23 04:03:22
3112,myprotein 高蛋白,18142,13.86,2026-4-23 04:18:25
3113,奇亞籽 有機,18121,13.86,2026-4-23 12:32:52
3114,進擊的巨人,18119,13.86,2026-4-23 03:03:11
3115,韓系手機殼,18118,13.86,2026-4-23 04:03:22
3116,m2 膠原蛋白,18115,25.00,2026-4-23 03:14:06
3117,免洗,18112,13.86,2026-4-23 12:19:07
3118,足球,18112,13.86,2026-4-23 04:05:34
3119,太陽能,18109,12.06,2026-4-23 04:31:04
3120,女用催潮,18106,13.86,2026-4-23 12:01:55
3121,自熱火锅,18105,13.86,2026-4-23 02:59:26
3122,韓國襪子,18102,13.86,2026-4-23 03:02:59
3123,玉米,18092,13.86,2026-4-23 12:15:55
3124,JBL,18090,11.92,2026-4-23 11:10:18
3125,枇杷乾 台灣製,18087,13.86,2026-4-23 06:49:10
3126,拇指外翻矯正器,18085,24.00,2026-4-23 10:41:49
3127,防水圍裙,18080,13.86,2026-4-23 04:42:13
3128,鍋蓋架,18075,13.86,2026-4-23 04:01:36
3129,iphone17,18070,11.66,2026-4-22 09:17:23
3130,水彩,18064,13.86,2026-4-23 04:49:12
3131,車尾帳,18056,13.86,2026-4-23 12:42:05
3132,JoJo,18051,13.86,2026-4-22 04:58:56
3133,蜥蜴,18049,13.86,2026-4-23 03:03:44
3134,亮片,18048,13.86,2026-4-23 11:23:23
3135,小隻女套裝,18048,13.86,2026-4-23 12:01:46
3136,濾嘴,18047,13.86,2026-4-23 04:01:09
3137,無袖背心,18043,11.92,2026-4-23 02:42:01
3138,洗衣精補充包,18039,13.86,2026-4-23 01:46:58
3139,水平儀,18033,13.86,2026-4-23 03:17:12
3140,無袖,18031,13.86,2026-4-22 07:15:25
3141,漢頓,18017,13.86,2026-4-23 02:21:29
3142,連身衣 女,18015,13.86,2026-4-23 04:33:09
3143,杏仁粉,18014,11.66,2026-4-22 09:28:26
3144,固態 行動電源,18014,13.86,2026-4-23 09:22:00
3145,西裝短褲,18013,13.86,2026-4-23 04:10:59
3146,車牌螺絲,18011,13.86,2026-4-23 09:11:55
3147,kobo 閱讀器,18005,12.00,2026-4-23 02:43:20
3148,輪子,18003,13.86,2026-4-23 04:56:31
3149,lg 空氣清淨機,17999,20.30,2026-4-23 01:36:36
3150,角鋼,17994,13.86,2026-4-23 11:15:44
3151,兒童電動牙刷,17992,13.86,2026-4-23 11:54:35
3152,生日禮物 幼兒園生日分享禮,17987,13.86,2026-4-23 04:51:32
3153,手持風扇,17978,11.92,2026-4-23 10:00:47
3154,豹紋褲,17976,13.86,2026-4-23 03:30:12
3155,護貝機,17971,13.86,2026-4-23 03:15:17
3156,椰子油,17970,11.92,2026-4-23 02:25:41
3157,羽絨外套,17959,11.92,2026-4-23 03:38:29
3158,寵物碗,17954,13.86,2026-4-23 04:54:24
3159,電線,17949,13.86,2026-4-23 01:54:51
3160,金鳥防蚊掛片,17946,13.86,2026-4-23 12:19:23
3161,clio 氣墊粉餅,17943,13.86,2026-4-23 02:29:47
3162,alpine 耳塞,17939,13.86,2026-4-23 06:40:48
3163,股東會紀念品出清,17935,13.86,2026-4-23 12:47:03
3164,椅,17928,13.86,2026-4-23 04:47:22
3165,趴睡枕,17928,11.92,2026-4-23 04:02:32
3166,抽水馬達,17918,13.86,2026-4-23 11:29:13
3167,躺椅摺疊椅,17915,13.86,2026-4-23 02:34:27
3168,虎尾蘭,17914,13.86,2026-4-23 04:48:38
3169,午睡枕,17913,11.92,2026-4-23 04:02:32
3170,相機背帶,17913,13.86,2026-4-23 01:54:58
3171,蘋果耳機,17912,13.86,2026-4-23 03:38:46
3172,兒童洞洞鞋,17900,13.86,2026-4-23 04:11:31
3173,3d口罩,17895,11.92,2026-4-23 08:57:23
3174,生日氣球,17892,13.86,2026-4-23 04:53:49
3175,jo malone 香水,17891,13.86,2026-4-23 05:02:21
3176,毛筆,17889,13.86,2026-4-23 04:05:07
3177,黑豆,17886,13.86,2026-4-23 03:39:52
3178,net,17885,13.86,2026-4-23 01:19:58
3179,水槽,17869,13.86,2026-4-23 04:34:45
3180,樂樂棒球,17864,13.86,2026-4-23 04:44:26
3181,菜籃車,17864,13.86,2026-4-23 04:59:01
3182,真空,17862,13.86,2026-4-23 12:27:48
3183,行李秤,17861,13.84,2026-4-22 06:42:39
3184,豆漿粉,17855,13.86,2026-4-23 03:22:32
3185,未來美,17853,12.66,2026-4-22 06:54:42
3186,波士頓包,17849,13.86,2026-4-23 09:38:25
3187,5w40,17843,13.86,2026-4-23 04:25:26
3188,膠帶台,17843,13.86,2026-4-23 09:25:56
3189,護肘,17841,13.86,2026-4-22 11:35:33
3190,露營用品必備,17840,13.86,2026-4-23 02:34:38
3191,codibook,17840,13.84,2026-4-22 12:02:02
3192,帽子收納,17834,13.86,2026-4-23 03:33:03
3193,冰冰被,17828,11.92,2026-4-23 03:12:17
3194,牛仔套裝,17817,13.86,2026-4-23 12:33:23
3195,一點絕,17815,12.00,2026-4-22 11:11:05
3196,女生內褲,17808,13.86,2026-4-23 03:17:24
3197,海報,17808,13.86,2026-4-23 04:47:10
3198,福利品,17803,11.92,2026-4-23 08:07:45
3199,iphone 14 pro,17803,11.66,2026-4-23 07:02:08
3200,米大師,17795,13.86,2026-4-22 11:15:32
3201,iphone 14  plus 手機殼,17795,15.78739,2024-4-26 10:01:32
3202,小香風洋裝,17788,13.86,2026-4-23 03:50:52
3203,茶具組,17786,13.86,2026-4-23 04:00:21
3204,原萃,17783,13.86,2026-4-23 01:42:18
3205,櫃子收納櫃,17778,13.86,2026-4-23 04:39:12
3206,魔芋爽批發,17776,13.86,2026-4-23 10:15:35
3207,jbl藍芽喇叭,17774,11.92,2026-4-23 11:16:48
3208,霓淨思,17766,13.86,2026-4-23 11:31:02
3209,收納櫃抽屜櫃,17766,13.86,2026-4-23 04:39:12
3210,愛康衛生棉,17765,13.86,2026-4-23 06:04:50
3211,高光,17763,35.10,2026-4-23 01:52:10
3212,架,17761,11.92,2026-4-23 02:53:44
3213,衣服收納袋,17761,13.86,2026-4-23 03:24:21
3214,直筒牛仔褲,17761,11.92,2026-4-23 03:48:05
3215,金鳥,17752,13.86,2026-4-23 05:07:47
3216,地板,17751,11.92,2026-4-23 04:21:38
3217,防風打火機 台灣製,17750,13.86,2026-4-23 03:21:53
3218,登山包,17748,11.92,2026-4-23 03:47:44
3219,蒸汽眼罩,17744,12.06,2026-4-23 04:54:31
3220,曼秀雷敦,17742,13.86,2026-4-23 08:02:28
3221,行李箱束帶,17740,11.66,2026-4-23 12:45:54
3222,熱敷袋,17735,14.00,2026-4-23 05:05:56
3223,owala 透明水壺,17734,13.86,2026-4-23 07:37:12
3224,魚缸造景,17732,13.86,2026-4-22 09:57:09
3225,漏斗,17730,13.86,2026-4-23 12:56:38
3226,鳳梨酥,17728,13.86,2026-4-23 10:50:53
3227,nike 慢跑鞋,17721,13.86,2026-4-23 12:52:26
3228,內 衣女生 台灣製,17721,13.86,2026-4-23 01:54:07
3229,濾水器,17717,12.06,2026-4-23 04:58:44
3230,皮夾男,17715,13.86,2026-4-23 04:35:51
3231,相簿,17711,13.86,2026-4-23 01:47:19
3232,米沃奇,17699,13.86,2026-4-23 02:08:45
3233,attention,17696,13.86,2026-4-23 02:16:17
3234,母親節禮物推薦,17693,13.86,2026-4-23 04:42:18
3235,夏天洋裝,17692,13.86,2026-4-23 04:08:15
3236,泡沫軸,17690,13.86,2026-4-23 09:19:05
3237,打氣筒,17688,11.92,2026-4-23 11:36:59
3238,寵物涼墊,17688,13.86,2026-4-23 12:30:12
3239,竹鹽枇杷乾,17688,13.86,2026-4-23 01:04:22
3240,驅鳥神器,17684,13.86,2026-4-23 01:57:00
3241,天絲,17679,11.92,2026-4-23 11:47:48
3242,clio 眼影,17671,129.00,2026-4-23 02:19:54
3243,撞球桿,17657,13.86,2026-4-23 04:31:15
3244,白色牛仔褲,17652,13.86,2026-4-23 11:01:44
3245,護踝,17650,11.66,2026-4-22 07:48:15
3246,烤玉米,17633,13.86,2026-4-23 12:15:55
3247,鈔票夾,17624,12.06,2026-4-23 04:37:15
3248,紙盒,17609,13.86,2026-4-22 11:10:28
3249,微波便當盒,17609,11.92,2026-4-23 03:20:33
3250,馬油襪,17599,13.86,2026-4-23 08:36:52
3251,充電線 type c,17598,13.86,2026-4-23 04:59:46
3252,鑷子,17592,13.86,2026-4-23 04:01:48
3253,兒童電動車,17588,13.86,2026-4-23 09:19:38
3254,ikea,17575,13.86,2026-4-23 04:48:47
3255,水晶姓名貼,17575,13.86,2026-4-23 01:04:45
3256,兒童內衣,17571,13.86,2026-4-23 01:34:35
3257,寶拉珍選,17560,13.86,2026-4-23 12:02:01
3258,磁鐵貼片,17558,13.86,2026-4-23 10:11:25
3259,happy bebe 濕紙巾,17548,13.86,2026-4-23 11:31:12
3260,美甲貼紙,17543,13.86,2026-4-23 03:51:58
3261,野餐帳篷,17539,13.86,2026-4-23 04:38:58
3262,茶杯,17536,13.86,2026-4-23 04:39:32
3263,圍兜,17533,13.86,2026-4-23 01:45:07
3264,徽章,17532,13.86,2026-4-23 05:06:11
3265,ARIEL,17522,13.86,2026-4-23 04:11:20
3266,冰絲床包,17520,13.86,2026-4-23 01:37:49
3267,桂格大燕麥片,17516,13.86,2026-4-23 03:07:30
3268,水壺 2000ml 台灣製,17496,13.86,2026-4-23 01:39:00
3269,烏龜飼料,17494,13.86,2026-4-23 02:27:13
3270,芒果乾,17493,11.92,2026-4-23 03:14:28
3271,半月包,17490,13.86,2026-4-23 10:39:47
3272,睡墊,17488,13.86,2026-4-23 03:09:14
3273,好市多,17485,13.86,2026-4-23 02:49:46
3274,變壓器,17466,11.66,2026-4-23 12:05:16
3275,數位相機,17466,13.86,2026-4-23 04:19:50
3276,藍色襯衫,17461,13.86,2026-4-23 03:53:51
3277,曬衣繩,17460,13.84,2026-4-22 12:02:09
3278,女生包包,17457,13.86,2026-4-23 04:00:23
3279,倍潔雅,17457,12.66,2026-4-22 12:04:16
3280,狗籠,17452,13.86,2026-4-23 02:39:22
3281,哭娃,17446,13.86,2026-4-23 04:35:09
3282,水晶肥皂,17443,13.86,2026-4-23 08:47:03
3283,新中式女裝,17437,13.86,2026-4-23 02:33:42
3284,刺繡布貼,17437,13.86,2026-4-23 02:15:47
3285,i15手機殼,17436,13.86,2026-4-23 05:04:11
3286,雲林蒜頭,17433,13.86,2026-4-23 04:37:27
3287,EXO,17429,11.92,2026-4-23 03:13:32
3288,韓系鞋,17423,13.86,2026-4-23 05:15:09
3289,溫柔女裝,17422,13.86,2026-4-23 01:06:20
3290,工具腰包,17418,13.86,2026-4-23 02:38:12
3291,單肩包,17416,12.06,2026-4-23 05:05:24
3292,路遙圓創,17416,13.86,2026-4-23 04:17:53
3293,bape 短袖,17411,13.86,2026-4-23 11:45:34
3294,a55 手機殼,17410,13.86,2026-4-23 02:35:01
3295,延長線 台灣製,17410,13.86,2026-4-23 03:50:25
3296,雲朵機,17405,13.86,2026-4-23 12:02:03
3297,iphone 12,17403,13.86,2026-4-23 03:31:20
3298,FORCE,17400,13.86,2026-4-23 04:44:33
3299,健身手套,17399,11.66,2026-4-22 02:54:42
3300,拐杖,17398,13.86,2026-4-23 04:39:46
3301,紫色洋裝,17396,13.86,2026-4-23 01:39:10
3302,airpods 4 主動降噪,17395,13.86,2026-4-23 07:23:36
3303,性感內褲,17393,13.86,2026-4-23 02:31:00
3304,韓國磁吸手機殼,17392,13.86,2026-4-22 11:46:31
3305,五月天,17381,13.86,2026-4-23 10:16:24
3306,alo 上衣,17379,13.86,2026-4-23 04:31:36
3307,洗髮乳,17377,12.06,2026-4-23 05:04:54
3308,鹽,17375,13.86,2026-4-23 10:43:32
3309,鐵粉去除劑,17375,12.06,2026-4-23 04:41:10
3310,退坑小卡,17375,13.86,2026-4-22 09:19:46
3311,高壓水槍,17373,11.92,2026-4-23 03:01:27
3312,中東麵包絲,17370,13.84,2026-4-22 03:16:29
3313,太陽能警示燈,17368,13.86,2026-4-23 02:56:25
3314,角色 裝扮服飾大尺碼,17365,13.86,2026-4-23 04:30:14
3315,電源供應器,17355,13.00,2026-4-22 11:05:33
3316,konny 口水巾,17354,13.86,2026-4-23 12:02:20
3317,五條悟,17348,13.86,2026-4-23 04:42:54
3318,婚禮洋裝,17345,13.86,2026-4-23 02:45:47
3319,滅蚊燈,17342,11.92,2026-4-23 12:43:55
3320,3m 無痕掛勾,17340,13.86,2026-4-23 04:24:23
3321,狗狗零食,17335,11.92,2026-4-23 04:15:11
3322,兒童枕頭,17334,11.66,2026-4-22 09:38:05
3323,輪椅,17333,13.86,2026-4-23 02:34:59
3324,不鏽鋼杯,17333,13.86,2026-4-23 02:57:43
3325,小電風扇,17328,11.92,2026-4-23 08:50:35
3326,葡萄乾,17328,13.86,2026-4-23 07:55:50
3327,金項鍊,17327,13.86,2026-4-23 05:02:50
3328,lilybyred 腮紅,17325,13.86,2026-4-23 04:45:57
3329,ps4,17323,13.86,2026-4-23 04:44:11
3330,記帳本,17316,13.86,2026-4-23 12:14:19
3331,智能手錶,17315,13.86,2026-4-23 03:07:05
3332,小背心,17312,13.86,2026-4-23 03:38:07
3333,bx 35,17311,13.86,2026-4-23 02:35:09
3334,跟鞋,17305,13.86,2026-4-23 05:05:41
3335,dio,17304,13.86,2026-4-23 04:48:25
3336,佳佳垃圾袋,17303,13.86,2026-4-23 02:34:10
3337,美式復古上衣,17299,13.86,2026-4-23 01:00:41
3338,BB槍,17292,13.84,2026-4-22 12:02:06
3339,皂,17291,12.06,2026-4-23 05:00:01
3340,足貼,17287,13.86,2026-4-23 05:02:19
3341,鈦保溫瓶,17282,13.86,2026-4-23 08:20:33
3342,衛生紙壁掛,17278,13.86,2026-4-23 05:50:40
3343,法式蕾絲背心,17276,13.86,2026-4-23 06:47:52
3344,汽車坐墊,17269,13.86,2026-4-23 04:58:58
3345,工程筆,17268,13.86,2026-4-23 01:53:01
3346,戰鬥陀螺 通行證,17268,13.84,2026-4-22 01:36:40
3347,芝麻粉,17265,13.86,2026-4-23 12:20:01
3348,隔音板,17265,13.86,2026-4-23 10:42:21
3349,浴缸,17261,13.86,2026-4-22 11:15:57
3350,kim9hope,17256,13.84,2026-4-22 07:10:35
3351,黑芝麻粉,17247,13.86,2026-4-23 12:20:01
3352,三星平板,17246,13.86,2026-4-23 03:07:33
3353,P&G,17243,3.63823,2024-4-26 10:01:35
3354,蠟筆,17241,13.86,2026-4-23 04:20:28
3355,泰國esim,17239,13.86,2026-4-23 12:09:01
3356,醜魚,17238,13.86,2026-4-23 02:47:36
3357,半斤背心袋,17234,13.86,2026-4-23 04:31:24
3358,妙潔垃圾袋,17233,13.86,2026-4-23 05:00:14
3359,削肩背心,17229,13.86,2026-4-23 03:50:01
3360,s23 ultra,17229,13.86,2026-4-23 03:27:33
3361,10cm 娃衣,17228,13.86,2026-4-23 04:56:04
3362,良杯製所,17218,13.86,2026-4-23 01:18:00
3363,牛仔褲裙,17216,13.86,2026-4-23 04:20:26
3364,筆記型電腦,17212,12.06,2026-4-23 05:04:34
3365,美美心,17209,13.86,2026-4-23 03:59:13
3366,fun box 戰鬥陀螺,17207,13.86,2026-4-23 02:30:29
3367,手持吸塵器,17194,11.92,2026-4-23 04:00:52
3368,簡易衣櫥,17190,13.86,2026-4-23 03:31:44
3369,兒童雨傘,17185,13.86,2026-4-23 10:53:52
3370,桌上置物,17183,13.86,2026-4-23 05:04:27
3371,內 褲女少女,17179,13.86,2026-4-23 09:28:21
3372,梯子,17176,18.00,2026-4-23 04:22:26
3373,owala 兒童水壺,17175,13.86,2026-4-23 11:12:18
3374,涼感沙發墊,17172,13.86,2026-4-23 12:21:11
3375,bobbi brown,17172,16.32,2026-4-23 12:20:29
3376,ck官方旗艦店,17170,13.86,2026-4-23 03:32:11
3377,學步車,17167,13.86,2026-4-23 10:44:47
3378,每朝健康綠茶,17163,13.86,2026-4-23 01:42:18
3379,餐桌椅,17162,13.86,2026-4-23 04:41:12
3380,除蟎機,17162,12.00,2026-4-22 07:42:36
3381,bts 手燈,17158,13.86,2026-4-23 12:25:38
3382,女性睡衣,17157,13.86,2026-4-23 04:58:18
3383,結緣品 批發工廠,17153,13.86,2026-4-23 04:21:24
3384,pop mart 星星人,17151,13.86,2026-4-23 11:05:44
3385,le labo 香水,17145,13.86,2026-4-23 03:31:49
3386,滴雞精,17132,13.86,2026-4-23 10:22:24
3387,喇叭牛仔褲,17130,13.86,2026-4-23 10:47:18
3388,標籤打印機,17118,13.86,2026-4-23 12:24:14
3389,滑板,17117,13.86,2026-4-23 10:24:31
3390,水彈槍,17117,13.84,2026-4-22 12:02:02
3391,遮肚套裝,17112,13.86,2026-4-22 10:14:50
3392,始祖鳥,17097,13.86,2026-4-22 09:42:32
3393,新中式睡衣,17097,13.86,2026-4-23 02:33:42
3394,hello kitty吊飾,17096,13.86,2026-4-23 09:46:19
3395,小廢包,17094,13.86,2026-4-23 02:20:56
3396,提亮,17090,88.68,2026-4-23 04:15:50
3397,貓咪用品,17085,13.86,2026-4-23 04:49:02
3398,噴瓶,17080,11.92,2026-4-23 03:57:15
3399,韓國防曬外套,17080,13.86,2026-4-22 11:37:50
3400,單槓室內,17077,13.86,2026-4-23 03:00:29
3401,貓玩具,17073,13.86,2026-4-23 10:31:11
3402,ipad pro,17070,13.84,2026-4-22 12:02:06
3403,胸針,17069,13.86,2026-4-23 05:06:11
3404,二手筆電,17055,13.86,2026-4-23 03:26:18
3405,黑色長褲,17054,12.06,2026-4-23 04:56:48
3406,洗碗,17049,14.00,2026-4-23 07:12:58
3407,筷子收納盒,17046,13.86,2026-4-23 08:35:35
3408,五月花衛生紙,17040,11.92,2026-4-23 08:33:44
3409,零錢盒,17039,13.86,2026-4-23 04:31:12
3410,電競滑鼠,17038,13.86,2026-4-23 03:07:03
3411,nike 女鞋,17037,13.86,2026-4-23 12:07:55
3412,掛脖上衣,17035,13.86,2026-4-23 02:01:31
3413,古寶,17033,11.92,2026-4-23 03:00:39
3414,婚禮穿搭,17029,13.86,2026-4-23 02:45:47
3415,玩具車,17025,13.86,2026-4-23 04:42:50
3416,offset,17024,13.86,2026-4-23 05:21:48
3417,夏天薄外套,17023,13.86,2026-4-22 04:39:57
3418,coach 長夾,17022,13.86,2026-4-23 04:49:44
3419,廚餘機,17016,11.66,2026-4-23 12:29:44
3420,Pixel,17014,13.86,2026-4-23 11:55:06
3421,比奇堡,17011,13.86,2026-4-23 04:16:43
3422,精臣標籤紙,17010,13.86,2026-4-23 04:12:09
3423,芝初,17010,13.86,2026-4-23 12:16:15
3424,保潔墊 雙人,17010,13.86,2026-4-23 02:54:22
3425,情侶手機殼,17005,13.86,2026-4-23 03:12:36
3426,芳香豆,17004,14.00,2026-4-23 07:45:21
3427,columbia,17003,13.86,2026-4-22 08:38:15
3428,星巴克馬克杯,17003,13.86,2026-4-23 04:35:27
3429,寶寶粥,17002,13.86,2026-4-23 04:54:53
3430,三花手套,16994,13.86,2026-4-23 08:31:40
3431,七分袖襯衫,16990,13.86,2026-4-23 04:43:18
3432,平安符袋,16987,13.86,2026-4-23 08:46:03
3433,kate 粉底液,16982,13.86,2026-4-23 05:32:39
3434,蝦皮直營特選,16982,13.86,2026-4-23 03:21:58
3435,髮蠟,16974,26.00,2026-4-23 04:54:00
3436,薄外套男,16973,13.86,2026-4-22 09:09:44
3437,立體貼紙,16972,13.86,2026-4-23 03:20:10
3438,一次性浴巾,16971,11.92,2026-4-23 03:34:22
3439,即期泡麵,16966,13.86,2026-4-23 04:38:06
3440,舒跑,16960,13.86,2026-4-23 05:28:57
3441,kelly tops,16957,13.86,2026-4-23 04:52:36
3442,上山採藥,16956,11.66,2026-4-22 10:56:17
3443,防水背包,16956,13.86,2026-4-23 04:03:48
3444,連身長裙,16956,13.86,2026-4-23 04:16:12
3445,豆豆貼,16955,13.86,2026-4-23 10:48:37
3446,單人床,16954,26.00,2026-4-23 04:42:03
3447,低卡零食,16952,11.92,2026-4-23 01:23:02
3448,雨褲,16947,13.86,2026-4-23 05:33:01
3449,可樂果,16947,13.86,2026-4-23 12:03:16
3450,彈珠超人,16945,13.86,2026-4-23 10:47:49
3451,衣櫥收納櫃,16944,13.86,2026-4-23 03:31:44
3452,握把,16941,13.86,2026-4-23 04:54:39
3453,macbook air,16940,12.66,2026-4-22 12:02:06
3454,小洋裝,16937,13.86,2026-4-23 09:25:26
3455,模型車,16932,13.86,2026-4-23 12:11:48
3456,羽衣甘藍粉,16932,11.92,2026-4-23 01:58:39
3457,玩具收納櫃,16930,13.86,2026-4-23 02:11:59
3458,飛天小女警,16928,13.86,2026-4-23 05:30:00
3459,氣炸烤箱,16927,11.92,2026-4-23 09:49:34
3460,i13 手機殼,16925,13.86,2026-4-23 04:57:26
3461,小個子長褲,16924,13.86,2026-4-23 04:56:48
3462,a4,16922,13.86,2026-4-23 03:28:18
3463,警示燈,16922,13.86,2026-4-23 01:18:03
3464,快充,16919,11.66,2026-4-23 12:15:29
3465,韓國手機掛繩,16917,13.86,2026-4-23 07:01:32
3466,指甲貼片,16916,13.86,2026-4-23 03:07:21
3467,室內拖鞋 台灣製,16916,13.86,2026-4-23 04:14:47
3468,腮紅刷,16905,17.70,2026-4-23 03:45:55
3469,伸縮,16904,13.86,2026-4-23 01:49:55
3470,耳機有線,16895,13.86,2026-4-23 03:43:52
3471,手機繩,16894,24.00,2026-4-23 04:30:36
3472,低跟鞋,16892,13.86,2026-4-23 05:05:41
3473,冰絲褲,16891,11.66,2026-4-22 11:14:32
3474,nike商城,16885,13.84,2026-4-20 09:39:57
3475,水槽過濾網,16882,13.86,2026-4-23 04:47:37
3476,洋裝 正韓,16877,13.86,2026-4-23 03:50:52
3477,740,16875,13.86,2026-4-23 04:52:45
3478,布丁杯,16874,13.86,2026-4-23 12:23:04
3479,大尺碼女裝顯瘦,16873,13.86,2026-4-23 01:36:43
3480,白色襯衫,16872,11.92,2026-4-23 04:00:37
3481,agf 咖啡,16869,13.86,2026-4-23 12:09:49
3482,超人力霸王,16867,13.86,2026-4-23 04:54:36
3483,飲料袋,16859,13.86,2026-4-23 05:07:16
3484,自動傘,16855,11.66,2026-4-22 11:04:03
3485,網球鞋,16849,13.86,2026-4-23 04:22:34
3486,卡鞋,16848,13.86,2026-4-23 03:47:24
3487,歐樂b 電動牙刷,16847,13.86,2026-4-23 04:07:56
3488,dc 電風扇,16844,11.92,2026-4-23 01:29:03
3489,液態玻璃手機殼,16842,13.86,2026-4-23 03:58:04
3490,男生褲子,16840,12.06,2026-4-23 04:55:50
3491,疊穿洋裝,16824,13.86,2026-4-23 12:03:33
3492,astone 安全帽,16821,13.86,2026-4-23 03:56:52
3493,寶拉珍選 2%水楊酸身體乳,16820,13.86,2026-4-23 04:51:52
3494,陽具,16820,13.86,2026-4-23 01:04:00
3495,微辣洋裝,16819,13.86,2026-4-23 09:10:20
3496,男娘女裝,16809,13.86,2026-4-23 04:21:56
3497,seiko手錶,16809,13.86,2026-4-23 03:13:55
3498,室外拖鞋,16799,13.86,2026-4-23 03:30:50
3499,太和工房,16789,13.84,2026-4-22 12:02:32
3500,喇叭鎖,16789,12.06,2026-4-23 04:59:19
3501,斜肩 t恤,16782,13.86,2026-4-23 03:25:06
3502,塑膠盒,16781,13.86,2026-4-23 04:04:38
3503,腮紅膏,16777,13.86,2026-4-23 03:59:56
3504,la roche posay,16769,11.92,2026-4-23 01:22:46
3505,定時器,16766,13.86,2026-4-22 11:03:39
3506,rts,16765,13.86,2026-4-23 08:39:24
3507,holika 眼影,16763,13.86,2026-4-23 02:19:54
3508,4號電池,16763,13.86,2026-4-23 03:59:22
3509,安全帶,16761,13.86,2026-4-22 11:30:04
3510,紗網上衣,16761,13.86,2026-4-23 01:09:54
3511,餐具組,16759,13.86,2026-4-23 04:39:54
3512,便宜手機,16759,13.86,2026-4-23 02:19:13
3513,switch2 手把,16759,13.86,2026-4-23 10:48:39
3514,超時空輝耀姬,16754,13.86,2026-4-23 09:23:32
3515,apple watch 保護貼,16752,13.86,2026-4-23 08:53:41
3516,風火輪,16748,13.86,2026-4-23 01:15:28
3517,上課無聊玩具 無聲,16745,13.84,2026-4-22 02:38:55
3518,勃肯,16738,13.86,2026-4-23 04:16:24
3519,Office,16738,13.86,2026-4-23 11:11:45
3520,客廳帳,16736,13.86,2026-4-23 04:32:34
3521,芙莉蓮公仔,16733,13.86,2026-4-23 06:46:29
3522,hince 氣墊,16733,33.82,2026-4-22 09:56:52
3523,項圈,16731,13.86,2026-4-23 04:46:48
3524,歐美睡衣,16730,13.86,2026-4-23 04:58:18
3525,桌上收納,16724,13.86,2026-4-23 05:04:26
3526,i16手機殼,16724,11.92,2026-4-23 02:17:58
3527,正韓服飾,16721,13.86,2026-4-23 04:40:28
3528,寶寶涼鞋,16718,13.86,2026-4-23 05:06:19
3529,hahababy,16717,13.86,2026-4-23 12:42:46
3530,男童短褲,16708,13.86,2026-4-23 02:43:28
3531,手機鍊,16702,13.86,2026-4-23 03:39:38
3532,透明塑膠袋,16689,13.86,2026-4-23 04:09:46
3533,耳機架,16689,13.86,2026-4-23 03:13:55
3534,身體乳液,16688,12.06,2026-4-23 04:32:25
3535,薯條三兄弟,16677,13.84,2026-4-22 01:11:30
3536,購物推車,16674,13.86,2026-4-23 12:34:24
3537,鈦晶,16672,13.86,2026-4-23 03:22:58
3538,Switch主機,16672,13.86,2026-4-23 02:42:25
3539,眼鏡鼻墊,16670,13.86,2026-4-23 04:57:56
3540,壓力褲,16667,13.86,2026-4-23 09:58:37
3541,車用電風扇,16667,13.86,2026-4-23 10:25:13
3542,ux 11,16667,13.86,2026-4-23 05:06:16
3543,頭燈 led 超強光 可充電,16665,13.86,2026-4-23 01:27:12
3544,免洗 褲子女 棉,16656,13.86,2026-4-23 04:02:21
3545,毛帽,16651,12.06,2026-4-23 04:33:26
3546,短袖洋裝,16650,13.86,2026-4-23 12:38:24
3547,短袖套裝,16642,13.86,2026-4-23 04:01:29
3548,艾草包,16640,13.86,2026-4-23 01:39:53
3549,蕾絲內褲,16631,13.86,2026-4-23 12:43:28
3550,五大唱片,16630,13.86,2026-4-23 04:06:20
3551,拼豆材料包,16628,13.86,2026-4-23 02:40:14
3552,BEAMS,16626,13.86,2026-4-23 12:51:04
3553,黑框眼鏡,16626,11.66,2026-4-23 12:36:17
3554,細肩帶背心,16615,13.86,2026-4-23 03:33:27
3555,卸妝棉,16611,12.00,2026-4-23 04:06:54
3556,高爾夫球袋,16610,11.92,2026-4-23 03:10:24
3557,皮帶女,16609,13.86,2026-4-23 04:59:27
3558,白色長裙,16609,13.86,2026-4-23 12:27:52
3559,wakemake 眼影,16603,110.30,2026-4-23 02:19:54
3560,指尖陀螺,16587,13.86,2026-4-22 10:10:30
3561,男生四角短褲,16585,13.86,2026-4-23 06:13:23
3562,廁所置物架,16578,11.66,2026-4-23 12:33:32
3563,防水噴霧,16578,13.86,2026-4-23 04:03:53
3564,母親節花束,16576,13.86,2026-4-23 05:06:51
3565,白沙屯媽祖,16572,13.86,2026-4-23 04:58:38
3566,洗衣槽清潔劑,16566,13.86,2026-4-22 07:21:39
3567,鐵鍋,16559,13.86,2026-4-23 04:40:58
3568,惡魔手機殼,16549,13.86,2026-4-23 03:31:40
3569,隨身風扇,16546,13.86,2026-4-23 08:50:36
3570,哈倫褲,16542,13.86,2026-4-23 03:34:41
3571,肉肉女顯瘦套裝,16542,13.86,2026-4-23 03:37:50
3572,Altis,16541,13.86,2026-4-23 05:00:16
3573,性感,16540,13.86,2026-4-23 04:32:22
3574,韓版襯衫,16538,13.86,2026-4-23 04:43:18
3575,牛仔褲套裝,16535,13.86,2026-4-23 08:11:30
3576,魔爪,16531,13.86,2026-4-23 05:25:48
3577,堆堆襪,16530,13.86,2026-4-23 03:14:30
3578,鈣,16528,50.00,2026-4-23 04:19:06
3579,日式上衣,16527,13.86,2026-4-23 03:00:52
3580,水瓶,16517,12.06,2026-4-23 04:36:40
3581,車用垃圾袋,16517,12.66,2026-4-22 02:06:02
3582,燕麥片,16515,13.86,2026-4-23 05:01:31
3583,健力架,16513,13.86,2026-4-23 07:29:06
3584,泰國網卡,16513,11.92,2026-4-23 01:42:03
3585,過濾,16506,13.86,2026-4-23 05:01:33
3586,機車機油,16503,13.86,2026-4-23 04:26:40
3587,軟紗睡衣,16500,13.86,2026-4-22 11:47:14
3588,串珠材料,16497,13.86,2026-4-23 03:23:47
3589,砂紙,16496,13.86,2026-4-23 04:49:24
3590,鑰匙圈吊飾,16493,13.86,2026-4-23 04:59:54
3591,真理褲,16488,13.86,2026-4-23 05:55:06
3592,達特醫,16488,13.86,2026-4-23 03:38:58
3593,Gopro,16482,13.86,2026-4-23 04:15:08
3594,韓國蕾絲上衣,16480,13.86,2026-4-23 03:23:50
3595,手帳本,16478,13.86,2026-4-23 05:02:03
3596,iphone 5s,16476,13.86,2026-4-23 03:13:52
3597,苦茶油,16462,13.86,2026-4-23 09:06:44
3598,半拖鞋,16461,13.86,2026-4-23 02:30:31
3599,紅棗,16450,13.86,2026-4-23 04:00:35
3600,KEEN,16438,13.86,2026-4-23 02:37:50
3601,lngshot,16438,13.86,2026-4-23 09:25:02
3602,耀西爆米花,16429,13.84,2026-4-22 12:16:02
3603,星之卡比,16428,13.86,2026-4-22 11:02:06
3604,淨新,16428,13.86,2026-4-23 04:46:43
3605,即期品,16420,12.66,2026-4-22 12:25:46
3606,極限返航 海報,16417,13.86,2026-4-23 04:47:10
3607,平安扣,16416,13.86,2026-4-23 03:28:33
3608,西裝裙,16408,13.86,2026-4-22 11:44:27
3609,晚禮服,16408,13.86,2026-4-23 02:37:23
3610,襪子 台灣製,16403,13.86,2026-4-23 04:59:11
3611,空氣鳳梨,16401,13.86,2026-4-23 04:48:38
3612,純水濕紙巾,16401,11.92,2026-4-23 02:57:14
3613,海島度假風,16400,13.86,2026-4-23 09:44:31
3614,瑜珈上衣,16399,13.86,2026-4-23 04:31:36
3615,質感垃圾桶,16399,13.86,2026-4-22 08:24:35
3616,餐巾紙,16398,13.86,2026-4-23 08:10:31
3617,復古安全帽,16392,13.86,2026-4-22 10:34:50
3618,窗簾 免打孔,16390,13.86,2026-4-23 04:33:55
3619,拼圖框,16388,13.86,2026-4-23 03:42:31
3620,轉接,16385,12.06,2026-4-23 05:05:51
3621,鋼彈模型,16383,13.86,2026-4-23 04:55:40
3622,梨形身材洋裝,16382,13.86,2026-4-23 12:40:50
3623,owala 水壺配件,16376,13.86,2026-4-23 02:37:33
3624,蒸鍋,16365,13.86,2026-4-23 04:39:07
3625,玻璃水壺,16365,13.86,2026-4-23 03:18:10
3626,小 可愛內搭衣,16365,13.86,2026-4-23 11:41:24
3627,護膝 醫療級,16352,13.86,2026-4-23 01:32:25
3628,自行車,16349,60.00,2026-4-23 04:58:41
3629,多巴胺洋裝,16345,13.84,2026-4-22 12:02:06
3630,打亮,16344,83.82,2026-4-23 04:15:50
3631,bx 23,16337,13.86,2026-4-23 02:35:08
3632,明信片,16335,13.86,2026-4-23 03:22:46
3633,g shock 手錶,16329,13.86,2026-4-23 03:27:03
3634,hetras,16324,13.86,2026-4-23 07:19:03
3635,soundcore,16322,11.92,2026-4-23 07:22:34
3636,安博 盒子,16321,13.86,2026-4-23 01:50:09
3637,wifi訊號增強器,16314,13.86,2026-4-23 12:47:19
3638,Ounce,16307,13.86,2026-4-23 04:22:51
3639,除濕盒,16303,13.84,2026-4-22 12:22:33
3640,連續章,16302,13.86,2026-4-23 06:30:44
3641,電烙鐵,16301,13.86,2026-4-23 12:00:42
3642,性格 睡衣套裝,16293,13.86,2026-4-23 05:43:55
3643,iphone14手機殼,16289,13.86,2026-4-23 04:02:42
3644,女童上衣,16288,13.86,2026-4-23 05:00:31
3645,雷達液體電蚊香補充瓶,16285,13.86,2026-4-23 12:19:48
3646,電視架,16279,13.86,2026-4-23 05:00:56
3647,小米手錶錶帶,16279,13.86,2026-4-23 01:36:14
3648,寶可夢卡匣收納盒,16278,13.86,2026-4-23 01:43:02
3649,手機吊繩,16276,13.86,2026-4-23 01:49:51
3650,生日,16269,11.92,2026-4-23 04:11:44
3651,西裝外套女,16266,13.86,2026-4-23 02:27:30
3652,唇膏,16263,133.66,2026-4-23 03:08:18
3653,愛迪達襪子,16262,13.84,2026-4-22 02:12:58
3654,碗盤收納架,16259,13.86,2026-4-23 08:35:35
3655,遮肉套裝,16259,13.86,2026-4-23 03:07:26
3656,f1,16250,13.86,2026-4-23 03:27:47
3657,防曬口罩,16237,11.92,2026-4-23 11:34:17
3658,拖鞋外出韓國,16237,13.86,2026-4-23 02:56:14
3659,桂格,16232,13.86,2026-4-23 10:47:22
3660,shimano 捲線器,16227,13.86,2026-4-23 12:38:35
3661,流蘇,16217,12.06,2026-4-23 05:04:09
3662,後背包女輕量化,16209,13.86,2026-4-22 10:39:27
3663,薄荷,16203,13.86,2026-4-23 02:04:38
3664,增高架,16196,13.86,2026-4-23 04:15:35
3665,脫水機,16193,13.86,2026-4-23 05:26:08
3666,兒童書包,16193,13.86,2026-4-23 01:23:14
3667,上班手提包,16191,13.86,2026-4-23 04:50:25
3668,海綿寶寶,16190,13.86,2026-4-23 11:02:20
3669,蕾妮亞,16190,13.86,2026-4-23 07:24:58
3670,邊櫃,16186,13.86,2026-4-23 04:51:58
3671,mmb,16178,13.86,2026-4-23 12:11:05
3672,Jordan,16168,13.86,2026-4-23 04:33:19
3673,硅藻土,16166,13.86,2026-4-22 08:34:10
3674,刮鬍刀電動,16165,11.92,2026-4-23 03:53:53
3675,藍色監獄,16163,13.86,2026-4-23 03:30:18
3676,六角板手,16162,13.86,2026-4-23 03:10:15
3677,床墊 雙人,16161,22.00,2026-4-23 04:46:26
3678,貓草,16159,13.86,2026-4-23 12:24:39
3679,鑰匙扣,16153,13.86,2026-4-23 04:38:36
3680,貝雷帽,16148,13.86,2026-4-23 04:33:26
3681,熊寶貝,16148,13.84,2026-4-22 08:06:09
3682,bra,16147,13.84,2026-4-22 12:02:07
3683,timephoria 唇釉,16142,13.86,2026-4-23 06:13:13
3684,泰國,16141,13.86,2026-4-23 03:21:34
3685,恐龍玩具,16137,13.86,2026-4-23 04:42:20
3686,眼膜,16135,11.92,2026-4-23 01:55:39
3687,未來實驗室,16132,13.86,2026-4-23 12:02:03
3688,周子瑜小卡,16130,13.86,2026-4-23 03:27:17
3689,黃色上衣,16128,13.86,2026-4-23 05:05:49
3690,赤玉土,16128,13.86,2026-4-23 03:53:15
3691,擴香棒,16124,11.92,2026-4-23 03:12:34
3692,diy手作材料包,16121,13.86,2026-4-23 04:03:17
3693,床單雙人,16117,11.66,2026-4-22 10:51:29
3694,有錢花,16115,13.86,2026-4-23 08:33:32
3695,Panasonic,16112,12.06,2026-4-23 04:39:37
3696,SKECHERS,16112,13.86,2026-4-23 11:28:55
3697,marshall 藍芽喇叭,16104,13.86,2026-4-23 04:21:43
3698,斜肩,16100,13.86,2026-4-23 03:50:02
3699,14pro 手機殼,16097,13.86,2026-4-23 12:06:26
3700,休閒褲,16096,11.92,2026-4-23 03:34:41
3701,染髮劑白髮專用,16096,13.86,2026-4-23 02:32:15
3702,遊戲王 超框包,16095,13.86,2026-4-23 03:22:51
3703,春風衛生紙,16094,13.86,2026-4-23 02:28:16
3704,馬桶水箱零件,16093,13.86,2026-4-23 05:06:31
3705,悠遊卡出清,16091,13.86,2026-4-22 11:47:16
3706,充氣床,16085,24.86,2026-4-23 02:10:02
3707,精華液,16085,47.40,2026-4-23 05:00:34
3708,純銀,16085,13.86,2026-4-23 04:26:15
3709,紐麥福保久乳,16078,13.86,2026-4-23 02:24:19
3710,方領上衣,16075,13.86,2026-4-23 02:03:43
3711,幸運手環,16070,13.86,2026-4-23 04:47:27
3712,電風扇小型,16070,12.06,2026-4-23 04:43:38
3713,淨新手套,16060,13.86,2026-4-23 10:16:10
3714,拉筋板,16057,13.86,2026-4-23 11:57:57
3715,寬褲女,16057,13.86,2026-4-23 03:44:02
3716,仙人掌,16055,13.86,2026-4-23 08:16:57
3717,黏毛滾輪,16054,11.92,2026-4-23 11:13:50
3718,星星人毛絨掛件,16052,13.86,2026-4-23 12:03:07
3719,esim 越南,16051,13.86,2026-4-23 11:11:16
3720,烘鞋機,16049,11.66,2026-4-23 12:34:20
3721,扣環,16040,13.86,2026-4-23 03:04:10
3722,老鼠藥,16035,13.86,2026-4-22 08:40:07
3723,密碼鎖,16031,11.92,2026-4-23 04:27:45
3724,免洗內女,16025,13.86,2026-4-23 12:42:36
3725,貞操鎖,16021,14.04,2026-2-05 12:01:51
3726,pdrn,16020,13.50,2026-4-23 12:59:17
3727,舒酸定,16018,11.92,2026-4-23 11:29:39
3728,tfit 三色遮瑕,16010,13.86,2026-4-23 02:11:02
3729,山楂,16002,11.92,2026-4-23 04:26:10
3730,襯衫男,15999,13.86,2026-4-23 03:59:49
3731,劉宇寧,15998,13.86,2026-4-23 03:54:15
3732,陳皮糖,15996,13.86,2026-4-23 04:51:55
3733,果凍膠,15990,13.86,2026-4-23 12:20:37
3734,風衣,15990,13.86,2026-4-23 02:24:24
3735,高腰,15983,13.86,2026-4-23 11:16:47
3736,母親節手作diy,15982,13.86,2026-4-23 03:28:16
3737,17e 手機殼,15982,13.86,2026-4-23 02:58:34
3738,自拍凸面鏡,15976,13.86,2026-4-23 01:42:50
3739,甜酷上衣,15972,13.86,2026-4-23 01:00:41
3740,黑輪酥酥,15968,13.86,2026-4-23 08:08:21
3741,衣服收納箱,15966,13.86,2026-4-23 10:40:59
3742,星空夜燈,15965,13.86,2026-4-23 05:01:38
3743,安全帽防水袋,15950,13.86,2026-4-23 07:35:27
3744,沙發皮革修補貼片,15946,13.86,2026-4-23 04:21:09
3745,鑽頭,15939,13.86,2026-4-23 04:34:05
3746,浴袍,15937,13.86,2026-4-23 02:44:50
3747,單人蚊帳,15935,13.86,2026-4-23 03:40:52
3748,鋼琴,15932,12.06,2026-4-23 04:46:14
3749,tapo監視器,15928,11.66,2026-4-22 06:59:12
3750,黃色洋裝,15919,13.86,2026-4-23 04:55:53
3751,手機殼 iphone 16,15919,13.86,2026-4-23 05:40:37
3752,陳皮,15918,13.86,2026-4-23 11:16:34
3753,現貨女裝,15917,13.86,2026-4-23 01:36:43
3754,迷你冰霸杯,15916,13.86,2026-4-22 10:31:10
3755,迷你電腦,15914,13.86,2026-4-22 11:41:44
3756,apple pencil 筆尖,15910,13.86,2026-4-23 12:33:02
3757,康乃馨手套,15909,13.86,2026-4-22 07:16:54
3758,反光貼紙,15904,13.86,2026-4-23 04:46:02
3759,瀏海梳,15901,13.86,2026-4-23 03:50:18
3760,康乃馨花束,15898,13.86,2026-4-23 11:29:04
3761,角鋼置物架,15896,13.86,2026-4-23 11:15:44
3762,世界上最酸的糖,15889,13.86,2026-4-23 05:02:35
3763,ipad mini 7,15884,13.86,2026-4-23 04:07:18
3764,潘朵拉,15882,13.86,2026-4-23 11:54:22
3765,克羅心,15879,13.86,2026-4-23 03:53:23
3766,保冰杯,15877,13.86,2026-4-23 04:30:19
3767,三角錐,15877,13.86,2026-4-23 08:43:30
3768,高級感手機殼,15868,13.86,2026-4-23 03:58:04
3769,鼓風機,15866,13.86,2026-4-23 04:14:40
3770,a5,15862,13.86,2026-4-23 02:45:11
3771,星巴克保溫杯,15856,13.86,2026-4-23 04:00:50
3772,PALLADIUM,15852,11.92,2026-4-23 01:28:17
3773,小夜燈 插電式,15851,13.86,2026-4-23 05:01:38
3774,車衣,15848,13.86,2026-4-22 11:33:34
3775,電蚊燈,15847,11.92,2026-4-23 12:43:55
3776,BMW,15844,12.06,2026-4-23 05:02:05
3777,媚比琳,15840,13.86,2026-4-23 03:58:25
3778,貝親奶嘴,15839,13.86,2026-4-23 04:55:11
3779,晚安褲,15835,11.66,2026-4-23 12:02:05
3780,抹茶粉 日本,15833,13.86,2026-4-23 03:31:00
3781,ASUS,15830,11.92,2026-4-23 04:08:25
3782,蚊香架,15829,13.86,2026-4-23 12:03:58
3783,醫藥箱,15828,13.86,2026-4-23 03:07:14
3784,poco f7,15827,13.84,2026-4-22 12:13:58
3785,彎刀棉褲,15826,13.86,2026-4-23 03:29:50
3786,茶具,15822,13.86,2026-4-23 04:39:32
3787,火山石,15820,13.86,2026-4-22 10:19:46
3788,紙紮用品,15815,13.86,2026-4-23 04:41:54
3789,過濾蓮蓬頭,15809,13.86,2026-4-23 12:28:50
3790,白鴿洗衣精,15805,13.86,2026-4-23 01:46:59
3791,小行李箱,15802,11.66,2026-4-22 07:58:02
3792,桌上書架櫃,15795,13.86,2026-4-23 01:26:14
3793,愛心,15795,13.86,2026-4-23 06:53:33
3794,果乾水,15790,13.86,2026-4-23 09:18:53
3795,除塵紙,15790,11.92,2026-4-23 04:09:38
3796,衣服收納,15783,13.86,2026-4-23 03:24:21
3797,蛋糕盒,15782,13.86,2026-4-23 08:44:53
3798,淨新兒童口罩,15781,13.86,2026-4-23 04:46:43
3799,水鑽牛仔褲,15781,13.86,2026-4-22 08:01:14
3800,椰棗,15777,13.86,2026-4-23 09:17:54
3801,義美保久乳,15772,13.86,2026-4-23 12:11:53
3802,手工皂,15768,16.80,2026-4-23 05:00:01
3803,iphone 13 mini  手機殼,15767,11.5953,2024-4-26 10:01:44
3804,擋泥板,15751,13.86,2026-4-23 11:06:12
3805,美琪,15750,25.00,2026-4-22 05:10:42
3806,hoka 男鞋,15743,13.86,2026-4-23 04:31:29
3807,汽車裝飾品,15743,13.86,2026-4-23 04:11:23
3808,爆炸機鑰匙圈,15738,13.84,2026-4-22 02:41:21
3809,彩棠,15733,11.92,2026-4-23 09:06:38
3810,活頁筆記本,15728,13.86,2026-4-23 02:24:38
3811,拉門,15728,13.86,2026-4-23 01:25:15
3812,泡茶杯,15727,13.86,2026-4-23 03:49:42
3813,嬰兒衣服,15725,13.86,2026-4-23 04:14:54
3814,驗電筆,15721,13.86,2026-4-23 05:01:24
3815,情趣衣,15720,13.86,2026-4-23 04:38:43
3816,辣 妹套裝,15720,13.86,2026-4-23 12:01:59
3817,Hince,15719,13.86,2026-4-23 01:10:41
3818,無肩帶內衣,15713,13.86,2026-4-23 04:08:04
3819,尖嘴鉗,15712,13.86,2026-4-23 03:12:29
3820,保濕,15710,20.00,2026-4-23 04:35:29
3821,真空機,15708,13.86,2026-4-23 04:39:20
3822,蕎麥麵 低脂 台灣製,15708,13.86,2026-4-23 04:19:19
3823,水楊酸棉片,15706,22.76,2026-4-23 01:29:50
3824,自嘲熊,15705,13.86,2026-4-23 03:56:33
3825,置物箱,15704,13.86,2026-4-23 04:46:29
3826,辦公室 小物 文具,15702,13.86,2026-4-23 04:57:54
3827,艾瑪絲洗髮精,15699,13.86,2026-4-23 02:08:40
3828,壓接鉗,15695,13.86,2026-4-23 04:58:35
3829,修容筆,15686,13.86,2026-4-23 12:19:10
3830,泳裝女顯瘦,15683,13.86,2026-4-23 01:07:41
3831,美甲貼片,15675,13.86,2026-4-23 03:07:21
3832,沐浴乳補充包,15672,25.00,2026-4-23 09:08:06
3833,15 pro手機殼,15670,13.86,2026-4-22 08:04:27
3834,i17 pro max 手機殼,15665,13.86,2026-4-23 08:38:54
3835,陶瓷碗,15664,13.86,2026-4-23 04:52:50
3836,頂天立地,15660,11.66,2026-4-22 07:02:59
3837,手竿,15658,13.86,2026-4-23 11:39:29
3838,除霉,15658,13.86,2026-4-23 12:19:54
3839,戰鬥陀螺 x正版,15657,13.86,2026-4-23 01:08:03
3840,lg 除濕機,15649,11.92,2026-4-23 04:25:14
3841,奇怪玩具,15644,13.86,2026-4-23 04:24:49
3842,刷具組,15644,75.00,2026-4-23 03:45:55
3843,韓國卡套,15643,13.86,2026-4-23 08:26:35
3844,辣椒,15640,13.86,2026-4-23 04:34:10
3845,袖套防曬涼感抗uv,15638,13.86,2026-4-23 12:47:37
3846,塑身衣,15637,13.86,2026-4-23 03:57:39
3847,pazzo,15633,13.86,2026-4-23 03:12:01
3848,高腰牛仔褲,15632,13.86,2026-4-23 12:35:42
3849,遮陽簾,15632,13.86,2026-4-23 04:16:41
3850,拖鞋 女 外出 韓國,15631,13.86,2026-4-23 01:32:52
3851,一次性,15628,13.86,2026-4-23 04:02:21
3852,耳釘,15625,11.92,2026-4-23 04:05:27
3853,磁吸卡套,15624,13.86,2026-4-23 12:00:06
3854,凡士林乳液,15623,11.80,2026-4-22 06:24:48
3855,隔音,15620,13.86,2026-4-23 10:42:21
3856,水箱精,15617,11.92,2026-4-23 03:02:42
3857,WISH,15615,13.86,2026-4-23 04:57:10
3858,貓咪項圈,15612,13.86,2026-4-23 04:46:48
3859,羅漢松,15610,13.86,2026-4-23 12:49:05
3860,透明提袋,15607,13.86,2026-4-23 02:20:14
3861,折疊餐桌,15606,13.86,2026-4-23 02:56:16
3862,仙女裝,15603,13.86,2026-4-23 01:52:17
3863,usb 轉 type c,15601,11.66,2026-4-22 11:13:44
3864,耳機保護殼,15596,13.86,2026-4-23 04:33:46
3865,食物調理機,15596,13.86,2026-4-23 09:57:46
3866,超音波清洗機,15594,13.86,2026-4-22 07:46:53
3867,美背背心,15593,13.86,2026-4-23 03:33:27
3868,標籤,15590,13.86,2026-4-23 03:54:10
3869,花校長,15590,13.86,2026-4-23 11:32:07
3870,電吉他,15572,12.06,2026-4-23 04:43:40
3871,塑膠椅,15571,13.86,2026-4-23 02:43:05
3872,行李,15570,11.92,2026-4-23 10:41:05
3873,水壺袋,15568,13.86,2026-4-23 04:15:21
3874,illit,15558,13.86,2026-4-23 02:49:00
3875,大象杯,15556,13.84,2026-4-22 03:36:13
3876,老帽,15554,13.86,2026-4-23 03:59:59
3877,門鈴,15552,11.92,2026-4-23 03:39:17
3878,貼布,15547,13.86,2026-4-23 02:55:14
3879,鍋,15536,12.06,2026-4-23 04:31:54
3880,ja3籃球鞋,15534,13.86,2026-4-23 11:59:50
3881,兒童防曬外套,15533,13.86,2026-4-23 04:53:19
3882,男生小玩具,15527,13.84,2026-4-22 06:15:41
3883,金戒指,15527,13.86,2026-4-23 04:22:00
3884,周杰倫,15526,11.92,2026-4-23 07:20:44
3885,羽球袋,15526,13.86,2026-4-23 03:21:25
3886,電瓶充電器,15517,12.06,2026-4-23 04:39:34
3887,拖鞋 外出 男,15515,13.86,2026-4-23 11:15:19
3888,兒童背包,15513,13.86,2026-4-23 01:23:14
3889,迷你手機,15511,13.86,2026-4-23 11:37:29
3890,家樂福,15510,13.86,2026-4-23 01:47:42
3891,烏龜缸,15508,13.86,2026-4-23 04:54:53
3892,why and 1/2,15506,13.86,2026-4-23 01:11:10
3893,副食品分裝盒,15504,13.86,2026-4-23 08:08:30
3894,喉糖,15503,13.86,2026-4-23 03:48:12
3895,機場穿搭套裝,15503,13.86,2026-4-23 03:32:01
3896,鑽尾,15491,13.86,2026-4-22 10:34:02
3897,iwalk 行動電源,15490,13.86,2026-4-23 01:58:20
3898,體脂體重計,15480,14.00,2026-4-23 04:02:02
3899,伸縮卡套,15480,13.86,2026-4-22 09:28:11
3900,蒸蛋器,15479,13.86,2026-4-23 04:39:07
3901,繩,15477,13.86,2026-4-23 04:54:12
3902,防曬衣,15471,13.86,2026-4-23 08:48:13
3903,乳膠枕,15465,11.92,2026-4-23 10:35:00
3904,防滑墊,15464,13.86,2026-4-23 03:30:22
3905,包包收納,15461,13.86,2026-4-23 09:11:50
3906,Romand,15456,13.86,2026-4-23 04:45:57
3907,機車杯架,15454,13.86,2026-4-23 03:05:21
3908,574,15449,13.86,2026-4-23 03:58:15
3909,生態瓶,15447,13.86,2026-4-23 01:50:17
3910,酥皮絲,15437,13.86,2026-4-23 03:47:00
3911,女套裝,15435,13.86,2026-4-23 04:01:28
3912,標籤貼紙,15435,11.92,2026-4-23 03:54:10
3913,證件卡套,15432,13.86,2026-4-23 04:55:43
3914,電子手錶,15432,11.92,2026-4-23 04:07:01
3915,白色短褲,15409,13.86,2026-4-23 09:53:39
3916,紫色手套,15405,13.86,2026-4-23 05:26:03
3917,ps5主機,15399,13.86,2026-4-22 06:46:41
3918,24 hrs 團購,15382,13.86,2026-4-23 08:47:13
3919,電視壁掛架,15378,13.86,2026-4-23 05:00:56
3920,蓮花紙,15377,13.86,2026-4-22 10:47:54
3921,冷氣清洗工具組,15376,13.86,2026-4-23 11:26:19
3922,網球,15373,13.86,2026-4-23 01:52:38
3923,房間沙發 小沙發,15371,13.96,2026-4-19 12:15:25
3924,名牌t恤,15371,13.86,2026-4-23 02:59:12
3925,吹塵機,15367,11.92,2026-4-23 04:14:39
3926,水壺 1000ml 臺灣製,15364,13.86,2026-4-23 04:36:40
3927,兔籠,15361,13.86,2026-4-23 01:46:05
3928,air jordan 1  low,15352,25.78714,2024-4-26 10:01:45
3929,麻將桌,15351,13.86,2026-4-23 04:19:28
3930,時尚女裝套裝,15349,13.86,2026-4-23 03:07:26
3931,中國風上衣,15344,13.86,2026-4-23 12:44:54
3932,嬰兒玩具,15342,13.86,2026-4-22 11:06:00
3933,nike dunk low,15341,13.86,2026-4-23 01:46:47
3934,Mac,15334,11.66,2026-4-22 11:16:02
3935,brita 濾水壺,15333,13.86,2026-4-23 11:50:13
3936,耐熱袋 半斤,15332,13.86,2026-4-23 10:03:51
3937,大尺碼內褲,15332,11.92,2026-4-23 03:55:01
3938,CK包包,15330,13.86,2026-4-22 11:15:59
3939,棉花娃娃,15329,13.86,2026-4-23 02:46:58
3940,潔美淨,15327,13.86,2026-4-23 09:20:57
3941,起司,15326,13.86,2026-4-23 04:32:20
3942,鸚鵡飼料,15325,13.86,2026-4-23 04:37:32
3943,抽繩垃圾袋,15324,13.86,2026-4-23 02:30:57
3944,On,15322,13.84,2026-4-22 06:37:23
3945,鷹嘴豆,15319,13.86,2026-4-23 02:19:47
3946,上班包包,15317,13.84,2026-4-22 01:06:55
3947,酒精噴瓶,15307,11.92,2026-4-23 03:57:16
3948,紅色洋裝,15306,13.86,2026-4-23 01:39:10
3949,餐墊,15299,13.86,2026-4-23 04:37:22
3950,密封袋,15298,14.00,2026-4-23 04:18:01
3951,鳴潮,15298,13.86,2026-4-23 11:33:28
3952,23yearsold,15294,13.86,2026-4-23 12:31:25
3953,HRV,15289,13.86,2026-4-23 03:00:35
3954,傘架,15288,13.86,2026-4-23 08:34:43
3955,折疊床墊,15288,11.92,2026-4-23 02:41:01
3956,大陸網卡,15285,11.92,2026-4-23 02:56:35
3957,竹鹽枇杷乾台灣製造,15285,13.86,2026-4-23 05:08:10
3958,ept 鞋,15283,13.86,2026-4-23 01:12:11
3959,兒童雨鞋,15282,13.86,2026-4-23 04:11:31
3960,天藍小舖,15280,13.86,2026-4-23 12:05:21
3961,棉花,15277,13.86,2026-4-23 02:33:35
3962,豆干,15277,13.86,2026-4-23 08:18:03
3963,玻璃吸管,15274,13.86,2026-4-23 02:04:53
3964,浴室收納,15271,13.86,2026-4-23 04:51:48
3965,妙管家洗衣精,15271,13.86,2026-4-23 07:13:15
3966,酸辣粉,15268,13.84,2026-4-22 12:02:11
3967,瑜珈,15267,13.86,2026-4-23 02:59:40
3968,ddr4 8g,15265,13.86,2026-4-23 03:14:12
3969,鐵架層架置物架,15260,13.86,2026-4-23 04:13:38
3970,lapo 行動電源,15257,11.92,2026-4-23 11:30:40
3971,休閒短褲,15253,12.06,2026-4-23 04:50:57
3972,網,15253,13.86,2026-4-23 04:19:14
3973,LULU豬,15252,13.86,2026-4-23 10:13:21
3974,韓國運動套裝,15248,13.86,2026-4-23 03:12:22
3975,蜥蜴湯姆,15247,13.84,2026-4-22 06:34:58
3976,曬衣,15244,13.86,2026-4-23 10:06:56
3977,七分袖上衣女,15243,13.86,2026-4-23 01:06:31
3978,brandy melville,15241,13.84,2026-4-22 12:02:11
3979,雨衣 兩件式套裝,15238,13.86,2026-4-23 04:52:28
3980,襪套,15232,13.86,2026-4-23 01:20:30
3981,散熱器,15226,13.86,2026-4-23 02:22:15
3982,矽膠娃娃,15224,13.84,2026-4-22 12:02:11
3983,綠油精,15221,13.84,2026-4-22 01:45:03
3984,黏鼠板,15220,11.66,2026-4-22 08:40:07
3985,化妝品收納,15219,13.86,2026-4-23 12:10:56
3986,禾聯電風扇,15217,11.92,2026-4-23 08:33:29
3987,耳機 無線 藍牙 降噪,15215,11.92,2026-4-23 12:51:20
3988,床包組雙人加大,15211,13.86,2026-4-23 10:03:22
3989,手帕,15210,13.86,2026-4-23 02:59:18
3990,陀螺收納盒,15207,13.86,2026-4-23 03:20:57
3991,田島,15205,13.86,2026-4-22 09:41:05
3992,行李箱套,15201,13.86,2026-4-23 02:49:03
3993,皮衣,15199,13.86,2026-4-23 02:59:49
3994,皇家,15194,13.86,2026-4-23 05:10:34
3995,短夾 女,15194,13.86,2026-4-23 10:38:49
3996,草莓乾,15191,13.86,2026-4-23 01:44:37
3997,玻璃貼 窗戶 防窺,15191,13.86,2026-4-23 04:32:03
3998,兔子,15191,13.86,2026-4-23 04:51:11
3999,garmin 錶帶,15190,13.86,2026-4-23 03:18:35
4000,韓國代購,15189,13.86,2026-4-23 05:05:02
4001,車用空氣清淨機,15184,12.00,2026-4-23 08:26:22
4002,拉布布,15184,13.86,2026-4-23 12:34:42
4003,防滑鞋,15179,13.86,2026-4-23 11:05:08
4004,鐵鎚,15179,13.86,2026-4-23 04:00:45
4005,握把布,15177,13.86,2026-4-23 12:46:51
4006,三用電錶,15177,13.86,2026-4-23 05:01:23
4007,寵物床,15171,11.92,2026-4-23 03:50:40
4008,airpods pro正版,15169,13.86,2026-4-23 04:09:29
4009,cd,15165,13.86,2026-4-23 05:03:02
4010,豹紋上衣,15165,13.86,2026-4-23 04:29:27
4011,RHODE,15161,13.86,2026-4-23 04:33:16
4012,打蛋器,15157,13.86,2026-4-23 04:49:31
4013,盛香珍,15155,11.92,2026-4-23 04:22:53
4014,canmake 蜜粉餅,15148,13.86,2026-4-23 04:15:49
4015,iphone air,15148,16.64,2026-4-22 12:02:11
4016,on昂跑,15144,13.86,2026-4-23 01:12:12
4017,crv6,15142,13.86,2026-4-23 03:39:07
4018,貓咪外出包,15141,13.86,2026-4-23 04:12:35
4019,GAP,15140,13.86,2026-4-23 12:34:49
4020,Olima,15139,12.06,2026-4-23 04:41:09
4021,七分褲女,15134,13.86,2026-4-23 02:46:08
4022,窗簾桿,15129,13.86,2026-4-23 03:45:02
4023,美式,15123,13.86,2026-4-23 10:52:59
4024,貓砂鏟,15123,13.84,2026-4-22 12:04:38
4025,剝線鉗,15121,13.86,2026-4-23 12:45:38
4026,熱風槍,15118,11.92,2026-4-23 12:00:42
4027,我的英雄學院一番賞,15117,13.86,2026-4-23 03:16:32
4028,綁腿帶,15114,13.86,2026-4-23 11:44:44
4029,保久乳 1000ml,15113,13.86,2026-4-23 02:24:19
4030,蘋果,15113,13.86,2026-4-23 07:08:11
4031,韓國床包,15111,13.86,2026-4-23 07:58:26
4032,媽媽禮服,15110,13.86,2026-4-23 06:05:09
4033,四角褲,15105,11.92,2026-4-23 01:28:37
4034,studio doe,15078,13.86,2026-4-23 10:36:18
4035,壓克力收納盒,15073,13.86,2026-4-23 04:30:59
4036,梳,15073,13.86,2026-4-23 03:50:18
4037,黃金耳環,15072,13.86,2026-4-23 09:34:14
4038,電熱水壺,15069,11.92,2026-4-23 03:14:39
4039,y2 style,15066,13.86,2026-4-23 12:02:07
4040,衣物收納袋,15062,13.86,2026-4-23 03:24:21
4041,燕麥奶,15059,13.86,2026-4-23 04:36:31
4042,a17,15058,13.84,2026-4-22 02:30:56
4043,袖珍屋,15055,13.86,2026-4-23 01:54:23
4044,ysl口紅,15055,153.36,2026-4-23 01:58:35
4045,雪紡,15054,13.86,2026-4-23 01:22:03
4046,10w40,15045,13.86,2026-4-23 02:21:54
4047,童無忌 戰鬥陀螺,15045,13.86,2026-4-23 03:18:57
4048,puma 女鞋,15038,13.86,2026-4-23 04:48:57
4049,伸縮水管,15034,13.86,2026-4-23 04:35:48
4050,海倫仙度絲洗髮精,15025,11.66,2026-4-23 04:07:17
4051,uni,15024,13.86,2026-4-23 03:00:42
4052,兔子飼料,15013,13.86,2026-4-23 02:29:22
4053,大尺碼睡衣150公斤,15013,13.86,2026-4-23 05:07:01
4054,iphone 14,15012,13.84,2026-4-22 12:02:11
4055,嬰兒床墊,15011,11.92,2026-4-23 02:41:01
4056,小眾品牌包包,15010,13.86,2026-4-23 04:56:51
4057,盆,15009,13.86,2026-4-23 04:53:39
4058,米森乳清蛋白,15008,13.86,2026-4-23 04:26:37
4059,韓女上衣,15007,13.86,2026-4-23 02:05:56
4060,5070ti,15003,13.86,2026-4-22 06:15:27
4061,設計師服飾,15000,13.86,2026-4-23 03:31:33
4062,stridex 水楊酸棉片,14997,13.86,2026-4-23 01:29:50
4063,越南網卡,14996,13.86,2026-4-23 11:11:16
4064,蘭花,14994,13.86,2026-4-23 03:09:28
4065,樂維根高蛋白,14991,13.86,2026-4-23 02:34:36
4066,泰國代購,14990,13.86,2026-4-23 03:21:34
4067,專櫃上衣,14986,13.86,2026-4-23 05:05:49
4068,四季被,14986,12.06,2026-4-23 04:40:33
4069,哆啦a夢,14984,13.86,2026-4-23 04:48:13
4070,鮭魚,14982,13.86,2026-4-23 04:26:54
4071,蕾絲背心外搭,14979,13.86,2026-4-23 11:47:27
4072,驅鳥器,14978,13.86,2026-4-23 12:27:31
4073,鸚鵡玩具,14977,11.92,2026-4-23 03:47:32
4074,hearts2hearts,14977,13.86,2026-4-23 01:43:40
4075,刮鬍泡,14975,13.86,2026-4-23 11:57:52
4076,鐵板,14972,13.86,2026-4-23 12:28:21
4077,卡達 伊夫 絲 杜拜麵包絲,14970,13.86,2026-4-23 09:28:53
4078,防曬罩衫,14968,13.86,2026-4-23 02:45:17
4079,載具鑰匙圈,14962,13.86,2026-4-23 02:13:18
4080,seiko,14961,13.86,2026-4-23 03:13:55
4081,防塵,14956,14.00,2026-4-23 12:20:32
4082,烏魚子,14955,13.86,2026-4-23 07:33:02
4083,史萊姆起泡膠,14955,13.86,2026-4-23 01:32:03
4084,防鳥網,14953,13.86,2026-4-23 04:48:31
4085,卡比,14953,13.86,2026-4-23 03:24:42
4086,婕樂纖,14952,13.86,2026-4-23 03:14:06
4087,美白牙膏,14951,11.92,2026-4-23 03:59:37
4088,油壺,14949,13.86,2026-4-23 10:31:04
4089,肩頸按摩器,14946,12.06,2026-4-23 04:51:50
4090,涼感衛生棉,14945,13.86,2026-4-23 06:04:50
4091,微波爐置物架,14945,13.86,2026-4-23 04:44:53
4092,3號電池,14942,13.86,2026-4-23 04:34:30
4093,owala kids,14936,13.86,2026-4-23 11:12:18
4094,古著洋裝,14933,13.86,2026-4-23 01:33:17
4095,SOFT99,14931,11.92,2026-4-23 02:27:07
4096,一匙靈,14928,13.86,2026-4-23 12:22:28
4097,外套出清,14928,13.86,2026-4-23 04:40:30
4098,蒼龍爆刃,14919,13.86,2026-4-22 09:17:48
4099,筆電架,14917,11.92,2026-4-23 11:54:55
4100,面具,14915,13.86,2026-4-23 05:03:39
4101,xmax,14914,13.86,2026-4-22 09:49:25
4102,kitty 手機殼,14913,13.86,2026-4-23 04:02:42
4103,網袋,14910,13.86,2026-4-23 04:26:59
4104,起泡膠,14907,13.86,2026-4-23 01:32:03
4105,日本文具大賞2025,14906,13.86,2026-4-23 09:32:53
4106,肌膚之鑰,14897,13.84,2026-4-22 07:29:58
4107,puma 賽車鞋,14897,13.86,2026-4-23 12:28:41
4108,兒童帳篷,14896,13.86,2026-4-23 12:12:48
4109,陶瓷,14895,13.86,2026-4-23 03:30:34
4110,發票,14893,13.86,2026-4-23 12:28:05
4111,電動噴壺,14893,13.86,2026-4-23 10:40:28
4112,貓肉泥,14888,11.66,2026-4-22 10:49:01
4113,branden,14888,13.86,2026-4-23 03:00:15
4114,小卡收納冊,14886,13.86,2026-4-23 03:27:12
4115,手機袋,14885,13.86,2026-4-23 03:06:36
4116,旅行組,14882,18.42,2026-4-22 09:44:44
4117,寶拉,14875,13.86,2026-4-23 04:51:52
4118,手錶女,14871,13.86,2026-4-23 04:36:10
4119,nbr 手套加厚,14870,13.86,2026-4-23 05:26:02
4120,皮克敏 扭蛋,14862,13.86,2026-4-23 03:16:30
4121,切藥器,14859,13.86,2026-4-23 12:03:55
4122,正韓 t恤,14858,13.86,2026-4-23 05:04:04
4123,椅子靠背,14855,13.86,2026-4-23 12:14:54
4124,黑咖啡,14853,13.86,2026-4-23 03:08:49
4125,sm,14847,13.86,2026-4-23 04:26:12
4126,oppo reno14手機殼,14846,13.86,2026-4-23 04:02:05
4127,ucc 黑咖啡,14843,13.86,2026-4-23 12:58:28
4128,即溶咖啡,14842,11.92,2026-4-23 02:57:38
4129,洗鼻鹽,14842,13.86,2026-4-23 07:16:46
4130,模型廟會,14841,13.86,2026-4-23 03:09:25
4131,真皮斜背包,14839,13.86,2026-4-22 10:35:58
4132,軟呼拉圈,14838,13.86,2026-4-23 12:02:59
4133,暗殺教室週邊,14836,13.86,2026-4-23 03:20:38
4134,patagonia,14831,13.86,2026-4-23 02:04:37
4135,工裝褲女,14826,13.86,2026-4-23 05:01:51
4136,護髮乳,14823,11.92,2026-4-23 04:24:40
4137,宜得利,14820,13.86,2026-4-23 12:00:31
4138,GU,14817,13.86,2026-4-23 04:45:25
4139,驅蚊包,14814,13.84,2026-4-22 07:33:24
4140,氣質短袖上衣,14814,13.86,2026-4-23 01:51:10
4141,外送箱,14813,13.86,2026-4-23 04:19:43
4142,涼感長褲,14811,11.66,2026-4-23 07:03:59
4143,光泉保久乳,14809,13.86,2026-4-23 04:35:31
4144,支架手機殼,14808,11.92,2026-4-23 12:33:59
4145,康乃馨濕紙巾,14808,13.86,2026-4-23 12:45:08
4146,方向盤,14803,13.86,2026-4-23 02:42:49
4147,汽車椅套,14800,13.86,2026-4-23 04:58:58
4148,抽屜收納櫃,14798,13.86,2026-4-23 04:39:12
4149,萬向輪,14794,13.86,2026-4-23 04:56:31
4150,拉長石,14793,13.86,2026-4-23 02:09:56
4151,無框眼鏡,14792,13.86,2026-4-23 04:33:50
4152,雅詩蘭黛,14787,11.66,2026-4-23 12:05:06
4153,遊戲王卡,14782,13.86,2026-4-23 04:04:50
4154,蘋果手機殼,14777,13.86,2026-4-23 03:59:44
4155,球鞋,14774,13.86,2026-4-23 09:36:36
4156,玻璃瓶水壺,14768,13.86,2026-4-23 01:43:20
4157,安博,14763,13.86,2026-4-23 02:47:30
4158,吸管刷,14762,13.86,2026-4-23 04:30:30
4159,蜥蜴 狸想世界,14760,13.86,2026-4-22 08:51:27
4160,牙周適牙膏,14757,13.86,2026-4-23 01:03:35
4161,長夾男生,14747,13.86,2026-4-23 04:49:44
4162,旅行背包,14743,12.06,2026-4-23 04:45:52
4163,鐵盒,14741,13.86,2026-4-23 04:35:07
4164,車罩,14741,13.86,2026-4-23 04:41:15
4165,鈦杯,14741,13.86,2026-4-23 12:14:51
4166,高級感洋裝,14739,13.86,2026-4-22 09:47:32
4167,手機膜,14736,11.92,2026-4-23 04:21:14
4168,Hololive,14735,13.86,2026-4-23 03:36:01
4169,噴頭,14733,13.86,2026-4-23 02:58:27
4170,小個子牛仔褲,14730,13.86,2026-4-23 11:16:46
4171,水槽濾網,14728,13.86,2026-4-23 04:47:37
4172,清潔劑,14721,12.06,2026-4-23 04:40:50
4173,洗地機,14714,16.00,2026-4-23 12:43:35
4174,男童內褲,14707,13.86,2026-4-23 12:28:43
4175,LILYBYRED,14706,13.86,2026-4-23 12:05:53
4176,罩衫外套,14699,13.86,2026-4-23 12:02:56
4177,新疆棉 t恤,14699,13.86,2026-4-23 04:40:21
4178,亮鑽牛仔褲,14694,13.86,2026-4-23 04:09:21
4179,dasique 眼影,14693,128.30,2026-4-23 02:19:54
4180,塑膠袋耐熱,14693,13.86,2026-4-23 04:31:24
4181,透明桌墊,14690,13.86,2026-4-22 08:09:32
4182,防水懶人鞋,14681,13.86,2026-4-23 02:50:28
4183,露營風扇,14678,13.86,2026-4-22 07:49:25
4184,海賊王公仔,14673,13.86,2026-4-23 05:03:37
4185,訓練器 男性,14673,13.86,2026-4-23 01:55:03
4186,鑰匙套,14671,12.06,2026-4-23 04:35:39
4187,甘胺酸鎂,14667,13.86,2026-4-23 04:19:06
4188,美式褲子,14666,13.86,2026-4-23 05:01:51
4189,電子書閱讀器,14661,13.86,2026-4-23 02:43:21
4190,花朵洋裝,14657,13.86,2026-4-22 10:30:53
4191,籌碼,14649,13.86,2026-4-23 12:49:16
4192,濕度計,14647,13.86,2026-4-23 02:50:16
4193,燈罩,14644,13.86,2026-4-23 04:43:31
4194,小錢包,14640,13.86,2026-4-23 04:48:47
4195,楓康耐熱袋,14639,13.86,2026-4-23 11:59:40
4196,maybelline,14638,13.86,2026-4-23 12:07:01
4197,熱水瓶,14636,13.86,2026-4-23 03:54:43
4198,復古上衣,14629,13.86,2026-4-23 01:00:41
4199,桌球拍,14627,13.86,2026-4-23 04:37:12
4200,辦公桌置物架,14624,13.86,2026-4-23 04:38:50
4201,Q10,14620,11.92,2026-4-23 02:42:51
4202,旅行盥洗組,14620,12.00,2026-4-23 12:06:48
4203,蒙奇奇吊飾,14617,13.86,2026-4-23 04:06:47
4204,beyblade x,14616,13.86,2026-4-23 01:08:03
4205,虎牌保溫瓶,14613,13.86,2026-4-23 10:05:09
4206,挖耳朵神器,14612,13.86,2026-4-23 07:34:35
4207,床圍欄 床護欄,14612,13.86,2026-4-23 06:39:32
4208,馬卡,14609,36.00,2026-4-23 11:24:15
4209,玩具 上課無聊小玩具,14608,13.86,2026-4-23 04:29:55
4210,黑,14601,13.86,2026-4-23 04:11:15
4211,驅鳥,14601,13.86,2026-4-23 01:56:59
4212,除濕機 空氣清淨機 二合一,14599,13.86,2026-4-23 12:07:18
4213,鋼頭鞋,14596,13.86,2026-4-23 03:22:44
4214,白鞋,14592,11.92,2026-4-23 04:13:40
4215,poco x8 pro,14592,13.86,2026-4-23 02:05:19
4216,逐玉周邊,14592,13.86,2026-4-23 10:55:56
4217,防曬裙,14586,13.86,2026-4-23 04:57:04
4218,真珠美人魚,14582,13.86,2026-4-23 04:54:14
4219,防狼噴霧 隨身,14581,13.86,2026-4-23 02:16:20
4220,登山扣,14580,13.86,2026-4-23 10:36:58
4221,蕾絲襪,14580,13.86,2026-4-23 11:50:19
4222,joonie 迷你杯,14580,13.86,2026-4-23 09:45:55
4223,小米15t pro,14573,13.86,2026-4-23 03:27:48
4224,掛式抽取式衛生紙,14572,13.86,2026-4-23 05:06:58
4225,扳手,14572,13.86,2026-4-23 03:10:15
4226,大學t,14568,11.92,2026-4-23 04:04:33
4227,鎖,14566,13.86,2026-4-23 04:34:20
4228,母親節小禮品,14564,13.84,2026-4-22 12:01:50
4229,拉桿,14558,13.86,2026-4-23 02:23:44
4230,床罩,14556,16.26,2026-4-23 04:58:49
4231,gogoro,14552,13.86,2026-4-23 12:10:56
4232,顯瘦上衣,14552,13.86,2026-4-23 02:05:56
4233,公仔櫃,14549,13.86,2026-4-23 04:47:54
4234,mt 安全帽,14542,13.86,2026-4-23 08:12:53
4235,hetras擴香,14541,13.86,2026-4-23 11:10:37
4236,上學包,14540,13.86,2026-4-23 06:39:27
4237,益智玩具,14535,13.86,2026-4-23 03:55:14
4238,韓國平板保護套,14533,13.86,2026-4-23 03:33:17
4239,隱形眼鏡,14533,13.84,2026-4-22 12:02:15
4240,手扒雞手套,14532,13.86,2026-4-23 12:08:02
4241,枕套,14530,11.92,2026-4-23 03:00:13
4242,浴巾 臺灣製 吸水 快乾,14530,13.86,2026-4-23 02:08:24
4243,按摩精油,14529,11.92,2026-4-23 02:57:49
4244,橄欖油檸檬汁,14528,13.86,2026-4-23 04:28:17
4245,二手平板,14527,13.86,2026-4-23 03:25:30
4246,高腰短褲,14524,13.86,2026-4-23 03:18:12
4247,二手洋裝,14519,13.86,2026-4-23 03:58:56
4248,一匙靈洗衣精,14519,13.86,2026-4-23 12:22:28
4249,黑曜石手鍊,14513,13.86,2026-4-23 04:46:00
4250,兒童室內拖鞋,14513,13.86,2026-4-23 03:04:28
4251,ux15,14512,13.86,2026-4-23 02:09:01
4252,戰鬥陀螺 cx,14508,13.86,2026-4-23 12:36:08
4253,免治馬桶座,14506,13.86,2026-4-23 04:21:19
4254,優格貓飼料,14500,13.84,2026-4-22 12:40:48
4255,波速球,14498,13.86,2026-4-23 02:54:27
4256,折疊梯,14496,13.86,2026-4-23 04:22:26
4257,刮刮卡,14493,13.86,2026-4-23 06:49:39
4258,運動短褲女,14492,13.86,2026-4-23 07:02:56
4259,日系森林系,14491,13.86,2026-4-23 04:44:55
4260,曼秀雷敦防曬,14485,35.20,2026-4-23 05:28:36
4261,韓系穿搭夏天大尺碼,14483,13.86,2026-4-23 06:26:30
4262,nb鞋官網,14483,13.86,2026-4-23 04:58:46
4263,母親節禮物,14473,11.66,2026-4-23 12:10:04
4264,玻璃油膜去除劑,14469,12.06,2026-4-23 04:36:33
4265,花王定型噴霧,14467,13.86,2026-4-23 03:21:11
4266,車用香氛,14458,11.92,2026-4-23 03:12:34
4267,藍牙喇叭,14457,11.92,2026-4-23 04:23:22
4268,雷射燈筆,14455,13.86,2026-4-23 06:59:40
4269,立燈,14455,13.86,2026-4-23 01:21:24
4270,CR2032,14453,13.86,2026-4-23 04:17:05
4271,木薯砂,14452,13.86,2026-4-23 12:05:59
4272,曼巴改裝,14449,13.86,2026-4-22 09:38:53
4273,活性碳口罩,14448,13.86,2026-4-23 02:58:15
4274,爽身粉,14447,13.86,2026-4-23 03:09:37
4275,steam deck,14445,13.86,2026-4-23 03:47:58
4276,迪桑特短袖,14445,13.86,2026-4-23 03:27:22
4277,斗櫃,14445,13.86,2026-4-22 11:35:08
4278,longchamp,14444,13.86,2026-4-23 02:21:40
4279,nerf,14444,13.86,2026-4-23 05:05:39
4280,marvis 牙膏,14441,11.92,2026-4-23 12:19:29
4281,排汗衫女,14441,13.86,2026-4-23 03:55:30
4282,電動工具,14434,12.06,2026-4-23 04:39:27
4283,蛟鯊狂鱗,14432,13.84,2026-4-22 01:01:21
4284,switch2主機,14431,13.86,2026-4-23 03:18:42
4285,參加婚禮穿搭套裝,14430,13.86,2026-4-23 12:02:37
4286,SMAX,14429,11.92,2026-4-23 03:52:56
4287,時鐘 壁掛,14428,12.06,2026-4-23 04:51:13
4288,美琪樂皂,14427,15.00,2026-4-22 10:47:14
4289,vivo v60 手機殼,14427,13.86,2026-4-23 11:43:32
4290,皮克敏頭套,14425,13.86,2026-4-23 02:21:49
4291,識別證掛繩,14423,13.86,2026-4-23 11:45:12
4292,油漆筆,14423,13.86,2026-4-23 02:11:44
4293,吸盤置物架,14413,13.86,2026-4-23 04:07:28
4294,手串,14411,12.06,2026-4-23 04:45:59
4295,日系親子裝,14411,13.86,2026-4-23 04:35:46
4296,電熱水器,14410,13.86,2026-4-23 11:27:03
4297,mediheal 棉片,14410,22.76,2026-4-23 03:38:13
4298,六月雪,14407,13.86,2026-4-23 12:42:49
4299,輕亞風上衣,14406,13.86,2026-4-23 12:02:07
4300,蚊帳單人,14400,13.86,2026-4-23 03:40:52
4301,大尺碼連身裙,14398,13.86,2026-4-23 01:40:35
4302,垃圾桶 有蓋,14397,12.06,2026-4-23 04:34:30
4303,投射燈,14392,13.86,2026-4-23 02:01:44
4304,按摩球,14385,13.86,2026-4-23 10:12:20
4305,風扇燈,14383,11.92,2026-4-23 11:18:26
4306,日系不撞衫,14380,13.86,2026-4-22 11:46:34
4307,板手,14377,13.86,2026-4-22 06:21:17
4308,送女生生日禮物,14369,13.86,2026-4-23 04:42:18
4309,Zippo打火機,14367,13.86,2026-4-22 10:19:11
4310,針,14363,12.06,2026-4-23 04:41:32
4311,靜音籃球,14361,13.86,2026-4-23 02:33:40
4312,卸妝膏,14358,11.92,2026-4-23 12:25:23
4313,髮量少抓夾,14356,13.86,2026-4-22 09:10:05
4314,妙管家,14354,13.84,2026-4-22 02:39:31
4315,五分袖,14352,13.86,2026-4-23 01:24:12
4316,甘草粉,14350,13.86,2026-4-23 09:32:25
4317,長項鍊,14349,13.86,2026-4-23 11:20:47
4318,保溫箱,14344,13.86,2026-4-23 04:19:43
4319,tryall 乳清蛋白,14342,13.86,2026-4-23 04:26:37
4320,110v 轉 220v 變壓器,14341,13.86,2026-4-23 05:04:19
4321,碗盤,14340,12.06,2026-4-23 04:42:37
4322,美甲工具組,14340,13.86,2026-4-23 03:46:34
4323,獎勵玩具,14339,13.86,2026-4-23 11:56:26
4324,大尺碼日系女裝,14337,13.86,2026-4-22 09:11:33
4325,摩卡壺,14334,13.86,2026-4-23 12:28:58
4326,搖步機 皮克敏,14323,13.86,2026-4-23 03:18:28
4327,飛利浦,14318,12.10,2026-4-23 04:27:57
4328,s26手機殼,14317,13.86,2026-4-23 04:14:45
4329,名片,14311,13.86,2026-4-22 07:15:45
4330,籃球框,14307,13.86,2026-4-23 11:58:47
4331,我的心機,14305,13.86,2026-4-23 12:04:07
4332,apple watch se3,14300,13.86,2026-4-23 04:15:04
4333,咕咕嘎嘎,14300,13.86,2026-4-23 12:02:07
4334,正肩修身上衣,14297,13.86,2026-4-23 11:17:26
4335,保濕噴霧,14294,11.92,2026-4-23 02:58:27
4336,ipad 11保護殼,14292,13.86,2026-4-23 04:08:37
4337,刷具收納,14289,13.86,2026-4-23 04:49:39
4338,打氣,14285,13.86,2026-4-23 04:44:21
4339,HUAWEI,14283,125.80,2026-4-22 07:53:00
4340,男生皮夾,14283,12.06,2026-4-23 04:35:51
4341,曼巴,14273,13.86,2026-4-23 03:06:08
4342,壁掛置物架,14261,13.86,2026-4-23 03:24:02
4343,藍色上衣,14261,13.86,2026-4-23 05:05:49
4344,皮包,14257,13.86,2026-4-23 04:35:51
4345,鑰匙,14257,13.86,2026-4-23 04:38:36
4346,情侶戒指,14257,13.86,2026-4-23 03:47:29
4347,三宅一生包包,14255,13.86,2026-4-23 04:03:28
4348,微波爐專用容器,14255,13.84,2026-4-22 03:01:09
4349,雨刷精,14254,12.04,2026-4-23 01:31:52
4350,kangol 包,14251,13.86,2026-4-23 08:16:15
4351,床邊床,14249,11.92,2026-4-23 12:45:20
4352,果乾,14249,11.92,2026-4-23 03:14:28
4353,槍箱,14247,13.84,2026-4-22 12:02:15
4354,通勤包包,14245,13.86,2026-4-23 01:43:52
4355,男 丁字,14241,13.86,2026-4-23 02:31:00
4356,鮫鯊狂鱗,14239,13.84,2026-4-22 09:15:58
4357,one boy 官網,14236,13.86,2026-4-23 06:15:37
4358,頭皮,14233,15.00,2026-4-23 03:37:48
4359,LG,14232,13.86,2026-4-22 10:32:42
4360,對戒,14232,13.86,2026-4-23 07:52:47
4361,貓爬架,14231,13.86,2026-4-23 12:08:00
4362,bape 外套,14226,13.86,2026-4-23 12:18:36
4363,壓縮沙發,14226,13.86,2026-4-23 02:04:32
4364,項鍊繩,14213,13.86,2026-4-23 12:17:43
4365,低腰牛仔褲,14213,13.86,2026-4-23 11:01:44
4366,安慕希,14212,13.86,2026-4-23 07:24:55
4367,遮陽,14206,11.92,2026-4-23 02:58:09
4368,購物車,14205,13.86,2026-4-23 04:59:01
4369,晾衣架,14205,13.86,2026-4-23 01:34:21
4370,點點上衣,14204,13.86,2026-4-23 01:16:23
4371,保溫壺,14201,13.86,2026-4-23 12:28:58
4372,施華洛世奇,14196,13.86,2026-4-23 02:50:54
4373,足球鞋,14193,13.86,2026-4-23 04:15:14
4374,一次性手套,14193,13.86,2026-4-23 06:26:59
4375,寵物地墊,14190,13.86,2026-4-23 05:07:25
4376,bra top,14187,13.86,2026-4-23 04:18:46
4377,收納椅,14187,13.86,2026-4-23 01:58:44
4378,錫蘭肉桂粉,14179,13.86,2026-4-23 04:33:17
4379,寵物床墊,14178,11.92,2026-4-23 03:50:40
4380,背心男,14178,13.86,2026-4-23 02:33:30
4381,手機殼 iphone 17,14178,13.86,2026-4-23 04:45:13
4382,洗臉機,14172,20.08,2026-4-23 12:03:15
4383,電焊機,14172,13.86,2026-4-23 01:18:14
4384,分隔便當盒,14171,13.86,2026-4-22 08:37:48
4385,保齡球,14169,13.86,2026-4-23 04:51:00
4386,aape 外套,14168,13.86,2026-4-23 10:04:58
4387,kangol,14166,13.86,2026-4-23 02:44:33
4388,Coach零錢包,14159,13.86,2026-4-23 11:58:12
4389,棉外套,14158,13.86,2026-4-23 01:31:39
4390,涼感內衣,14158,11.92,2026-4-23 03:56:10
4391,魚缸燈,14157,13.86,2026-4-23 02:16:16
4392,被子,14151,11.92,2026-4-23 04:08:45
4393,福義軒,14150,13.86,2026-4-23 09:37:59
4394,復古風格服飾,14149,13.86,2026-4-23 03:31:32
4395,頭皮去角質,14147,15.76,2026-4-23 04:54:07
4396,caco,14147,13.86,2026-4-23 07:59:37
4397,吸盤掛鉤,14143,13.86,2026-4-23 04:07:27
4398,poco f8 ultra,14141,13.86,2026-4-23 03:24:35
4399,包包吊飾,14140,13.86,2026-4-22 11:25:48
4400,蔓越莓益生菌,14138,13.86,2026-4-23 03:21:13
4401,推推褲,14138,13.84,2026-4-22 12:02:19
4402,cezanne 濾鏡提亮粉餅,14138,13.86,2026-4-23 04:15:50
4403,牧田電動起子,14137,13.86,2026-4-23 04:40:53
4404,趴趴枕 情侶,14136,13.86,2026-4-23 08:08:24
4405,釣蝦竿,14135,13.86,2026-4-23 10:43:17
4406,情侶吊飾,14132,13.86,2026-4-23 02:33:20
4407,假牙黏著劑,14132,13.86,2026-4-23 03:18:47
4408,airpods pro3,14131,13.86,2026-4-23 11:49:08
4409,卡式瓦斯爐,14129,13.86,2026-4-23 03:39:02
4410,微醉隨身搖曳杯,14128,13.86,2026-4-23 07:23:39
4411,行李箱 福利品出清,14120,13.86,2026-4-23 12:06:25
4412,手機殼iphone 15,14118,13.86,2026-4-23 02:40:05
4413,16,14117,20.00,2026-4-23 03:15:29
4414,防水後背包,14117,11.66,2026-4-23 12:20:42
4415,黑松露藜麥奇亞籽蘇打餅乾,14116,13.86,2026-4-23 12:07:36
4416,高跟拖鞋,14115,13.86,2026-4-23 04:01:45
4417,鏈條,14109,13.86,2026-4-23 02:46:44
4418,t10,14105,13.86,2026-4-23 01:38:28
4419,購物袋推車,14102,11.92,2026-4-23 12:14:08
4420,清楚系洋裝,14101,13.86,2026-4-23 01:34:30
4421,星巴克水壺,14099,13.86,2026-4-23 12:25:58
4422,芳香,14097,11.92,2026-4-23 03:25:50
4423,台灣製,14095,11.66,2026-4-23 02:37:08
4424,內搭褲,14094,13.86,2026-4-23 05:01:16
4425,越南esim,14092,13.86,2026-4-23 11:11:16
4426,微型手電筒,14091,13.86,2026-4-23 08:36:14
4427,水氧機,14086,11.92,2026-4-23 04:08:18
4428,ob嚴選官方旗艦店,14075,13.84,2026-4-22 04:00:33
4429,禮服洋裝,14065,13.86,2026-4-23 04:39:29
4430,長袖 t恤,14065,13.86,2026-4-23 04:58:12
4431,連身泳衣 女,14062,13.86,2026-4-23 01:20:37
4432,行李秤重器,14061,13.86,2026-4-23 10:21:52
4433,macbook pro,14061,13.84,2026-4-22 12:02:15
4434,好惠買,14060,13.84,2026-4-22 12:02:15
4435,安撫娃娃,14057,13.86,2026-4-23 04:12:54
4436,科技海綿,14054,13.86,2026-4-23 04:22:31
4437,韓國牛仔褲,14053,11.92,2026-4-23 03:08:30
4438,造景貼紙,14053,13.86,2026-4-23 02:32:08
4439,防水拖鞋,14051,13.86,2026-4-23 01:54:35
4440,手機殼 iphone13,14051,13.86,2026-4-23 03:22:20
4441,行動充,14050,12.06,2026-4-23 04:38:04
4442,東映電視扭蛋,14049,13.86,2026-4-23 02:05:51
4443,直板夾,14047,13.86,2026-4-23 04:06:24
4444,長夾 女,14044,13.86,2026-4-23 05:07:08
4445,屁屁膏,14036,13.86,2026-4-23 02:40:49
4446,美式緊身上衣,14035,13.86,2026-4-23 01:00:41
4447,狗,14030,13.86,2026-4-23 05:00:53
4448,塑膠手套,14028,13.86,2026-4-23 12:36:19
4449,泡泡袖上衣,14027,13.86,2026-4-23 12:04:50
4450,文創 t恤,14026,13.86,2026-4-23 01:18:32
4451,burberry,14025,13.86,2026-4-23 07:03:28
4452,糖,14023,13.86,2026-4-23 04:51:55
4453,怪奇物語,14021,13.86,2026-4-23 12:06:47
4454,卡盒,14020,13.86,2026-4-23 12:15:09
4455,保溫,14018,13.86,2026-4-23 04:30:27
4456,arai安全帽,14015,13.86,2026-4-23 12:03:50
4457,眼罩睡眠專用,14014,13.86,2026-4-23 04:54:31
4458,假兩件襯衫,14011,13.86,2026-4-23 02:01:12
4459,bts 黑膠,14010,13.86,2026-4-23 03:41:04
4460,帽子男,14009,13.86,2026-4-23 04:13:24
4461,tp link 監視器,14004,13.86,2026-4-23 06:33:33
4462,uha 味覺糖,13999,13.86,2026-4-23 02:30:48
4463,男士皮夾,13997,12.06,2026-4-23 04:35:51
4464,canmake 臥蠶,13990,13.86,2026-4-23 03:35:45
4465,Fossil,13987,13.86,2026-4-23 04:20:40
4466,杜鵑花酸,13983,25.00,2026-4-23 10:29:04
4467,韓國拖鞋,13981,13.86,2026-4-23 03:34:58
4468,mmbcu改裝品,13981,13.86,2026-4-23 03:06:08
4469,大容量包包,13978,13.86,2026-4-23 12:45:59
4470,輪胎油,13976,13.86,2026-4-23 05:04:42
4471,bhk's 官方旗艦店,13976,13.86,2026-4-23 10:02:54
4472,鉛筆盒韓國 ins,13972,13.86,2026-4-23 04:44:19
4473,西裝背心,13969,13.86,2026-4-23 02:05:15
4474,足膜,13967,42.50,2026-4-23 12:32:43
4475,木板片,13963,13.86,2026-4-23 12:18:28
4476,專科洗面乳,13962,13.86,2026-4-23 12:00:44
4477,好看男裝,13961,11.16,2026-1-30 09:24:51
4478,jellycat 兔子,13959,13.86,2026-4-23 01:20:21
4479,鏡,13956,13.86,2026-4-23 03:53:03
4480,正韓貨女裝,13946,13.86,2026-4-23 12:10:44
4481,咖啡濾杯,13945,11.66,2026-4-22 09:40:31
4482,韓國家居服,13945,13.86,2026-4-23 07:18:54
4483,洗衣槽,13944,13.86,2026-4-23 01:55:30
4484,vivo v60,13944,13.86,2026-4-23 04:57:33
4485,亞麻襯衫,13929,13.86,2026-4-23 01:23:04
4486,惡靈古堡9,13927,11.92,2026-4-23 04:15:55
4487,畢業,13925,11.66,2026-4-23 12:02:42
4488,伸縮扣環,13924,13.86,2026-4-23 05:07:20
4489,鵝油辣椒,13921,13.86,2026-4-23 02:22:34
4490,對不起錢錢,13915,13.86,2026-4-23 12:03:51
4491,刮痧,13914,13.86,2026-4-23 02:11:28
4492,芭比娃娃,13911,13.86,2026-4-23 02:14:40
4493,Xiaomi,13910,12.10,2026-4-23 01:40:05
4494,gp 拖鞋,13909,13.86,2026-4-23 12:34:36
4495,即期泡麵買一送一,13909,13.86,2026-4-23 05:00:24
4496,羅技鍵盤,13907,11.92,2026-4-23 07:42:17
4497,保養液,13904,13.86,2026-4-23 03:46:17
4498,遮屁股上衣,13895,13.86,2026-4-23 02:01:13
4499,狗狗玩具,13883,11.92,2026-4-23 03:32:30
4500,牆壁置物架,13883,13.86,2026-4-23 04:57:36
4501,牛仔包包,13881,13.86,2026-4-23 07:59:38
4502,營柱,13877,13.86,2026-4-23 12:01:51
4503,燈箱,13874,13.86,2026-4-23 01:22:58
4504,圍兜兜,13868,13.86,2026-4-23 01:45:07
4505,保溫瓶 1000ml,13861,13.86,2026-4-23 04:37:24
4506,太陽眼鏡抗uv,13858,13.86,2026-4-23 12:19:19
4507,beyblade,13856,13.86,2026-4-23 02:07:15
4508,ponypony 泰國包包,13855,13.86,2026-4-23 11:35:35
4509,GUCCI,13850,13.86,2026-4-23 12:30:52
4510,pingu 盒玩,13844,13.86,2026-4-23 03:46:19
4511,層板,13843,13.86,2026-4-23 03:16:08
4512,ysl 氣墊,13840,13.86,2026-4-23 02:33:56
4513,美式背心,13840,13.86,2026-4-23 02:43:51
4514,雨傘架,13824,13.86,2026-4-23 08:34:44
4515,葫蘆,13821,13.86,2026-4-23 03:28:33
4516,抽油煙機逆止閥,13820,13.86,2026-4-23 04:15:33
4517,馬達,13818,13.86,2026-4-23 01:03:26
4518,質感鑰匙圈,13817,13.86,2026-4-23 12:59:23
4519,多巴胺手機殼,13815,13.86,2026-4-22 04:44:38
4520,勇字商品,13813,13.86,2026-4-23 04:46:06
4521,火星塞,13812,13.86,2026-4-23 04:50:31
4522,女童鞋,13807,13.86,2026-4-23 02:29:12
4523,碎花上衣,13807,13.86,2026-4-23 03:48:17
4524,情趣內褲,13799,13.86,2026-4-23 02:31:00
4525,竹節棉上衣,13798,13.86,2026-4-23 10:06:18
4526,錶帶 apple watch,13798,13.86,2026-4-23 04:38:14
4527,機殼,13795,11.66,2026-4-22 10:58:20
4528,黃金手環,13794,13.86,2026-4-23 04:09:11
4529,重磅 t恤,13794,12.06,2026-4-23 04:40:21
4530,桂花,13793,13.86,2026-4-23 02:23:35
4531,氛圍燈,13792,13.86,2026-4-23 03:09:42
4532,耳掛式藍芽耳機,13791,13.86,2026-4-23 03:50:45
4533,口罩 臺灣製 淨新醫療口罩,13790,13.86,2026-4-22 09:24:49
4534,起子頭,13789,13.86,2026-4-23 07:46:47
4535,三角洲,13788,13.86,2026-4-23 12:02:11
4536,兒童外套,13787,13.86,2026-4-23 04:53:19
4537,轉角櫃,13787,13.86,2026-4-23 12:01:08
4538,條紋,13783,13.86,2026-4-23 08:10:10
4539,水滴輪,13780,13.86,2026-4-23 04:38:40
4540,巧虎,13777,13.86,2026-4-23 02:13:24
4541,天天口罩,13775,14.00,2026-4-22 04:22:03
4542,批發小禮物,13774,13.86,2026-4-23 10:32:47
4543,美式薄脆本,13774,13.86,2026-4-23 02:47:07
4544,慢跑鞋男,13762,13.86,2026-4-23 03:42:57
4545,約會戰服,13761,17.40,2026-3-26 12:22:31
4546,盤,13761,11.92,2026-4-23 03:28:00
4547,豆乾,13761,13.86,2026-4-23 08:18:03
4548,女生褲子,13759,13.86,2026-4-23 04:32:27
4549,100%純棉 t恤,13759,11.92,2026-4-23 12:34:06
4550,nct wish,13756,13.86,2026-4-23 02:42:30
4551,修眉刀,13755,11.66,2026-4-23 06:29:33
4552,涼感口罩,13754,11.92,2026-4-23 11:06:10
4553,一杯袋,13746,13.86,2026-4-23 08:20:55
4554,廚房收納櫃層架置物架,13746,13.86,2026-4-23 04:46:24
4555,涼感防曬外套,13745,13.86,2026-4-23 01:20:23
4556,神明燈,13741,13.86,2026-4-23 03:04:00
4557,電動升降桌,13738,13.86,2026-4-23 03:34:07
4558,桌,13738,13.86,2026-4-23 02:21:57
4559,淨水器,13736,11.66,2026-4-22 09:23:05
4560,sabon,13731,13.86,2026-4-23 11:29:17
4561,人偶,13729,13.86,2026-4-23 02:38:21
4562,宮廷風洋裝,13729,13.86,2026-4-23 03:25:59
4563,手機鏈,13727,13.86,2026-4-23 03:39:38
4564,cx 08,13726,13.86,2026-4-23 12:44:54
4565,兒童口罩台灣製,13723,13.86,2026-4-23 04:46:43
4566,媽祖,13722,13.86,2026-4-23 12:09:13
4567,美容床,13720,13.86,2026-4-23 12:10:33
4568,除油膜,13720,12.06,2026-4-23 05:01:33
4569,Nike襪子,13716,13.86,2026-4-23 10:02:04
4570,魔術靈,13714,13.86,2026-4-23 07:33:41
4571,古早風女裝,13713,13.86,2026-4-23 01:45:53
4572,皮鞋 男,13710,13.86,2026-4-23 04:20:43
4573,破洞牛仔褲,13710,11.92,2026-4-23 04:13:43
4574,遮陽傘,13709,11.92,2026-4-23 10:23:31
4575,遠投竿,13708,13.86,2026-4-23 04:50:11
4576,iphone 13 pro,13707,13.86,2026-4-23 12:33:19
4577,蝦餅,13704,13.86,2026-4-23 10:15:44
4578,磁扣保護套,13703,13.86,2026-4-23 03:31:04
4579,孤挺花,13702,13.86,2026-4-23 07:19:34
4580,卡皮巴拉,13702,13.86,2026-4-23 07:24:20
4581,隔珠,13701,13.86,2026-4-23 04:34:23
4582,18650 充電器,13700,13.86,2026-4-23 04:30:47
4583,二手冰箱,13700,13.86,2026-4-23 12:54:08
4584,防盜斜背包,13700,13.86,2026-4-23 04:36:03
4585,uv膠,13699,13.86,2026-4-22 08:37:16
4586,生日蠟燭,13699,13.86,2026-4-23 09:58:51
4587,卸妝乳,13696,11.92,2026-4-23 03:00:39
4588,easyshop 官方旗艦店,13696,13.86,2026-4-23 09:45:06
4589,蠟筆小新手機殼,13696,13.84,2026-4-22 02:27:02
4590,亞麻籽芝麻鹽,13692,13.86,2026-4-23 03:04:35
4591,桌燈,13681,11.92,2026-4-23 01:21:24
4592,隱形內衣,13679,13.86,2026-4-23 12:48:20
4593,潤滑油,13675,12.06,2026-4-23 04:45:16
4594,大尺碼外套,13673,13.86,2026-4-23 04:58:52
4595,桌腳,13669,13.86,2026-4-23 03:13:30
4596,迴紋針,13666,13.86,2026-4-22 06:08:59
4597,冰塊模具,13659,13.86,2026-4-23 09:18:05
4598,韓系洋裝,13658,13.86,2026-4-23 04:08:16
4599,羊珞素,13657,13.84,2026-4-22 06:03:11
4600,麥冬,13655,13.86,2026-4-23 02:41:45
4601,純棉,13654,13.86,2026-4-23 05:15:46
4602,印章收納盒,13653,13.86,2026-4-23 12:02:12
4603,扣,13652,13.86,2026-4-23 04:12:03
4604,空心磚,13652,13.86,2026-4-23 03:38:05
4605,多倍乳膠手套,13651,13.86,2026-4-23 02:27:27
4606,shf,13650,13.86,2026-4-23 03:52:39
4607,iPad保護貼,13647,13.86,2026-4-23 04:13:53
4608,粉刺,13645,15.00,2026-4-23 05:02:31
4609,韓版男裝,13641,13.86,2026-4-23 01:54:37
4610,戰術錢包,13640,13.86,2026-4-23 04:47:59
4611,濕式衛生紙,13639,13.86,2026-4-23 05:31:37
4612,夾娃娃機,13636,13.86,2026-4-22 06:17:57
4613,enhypen,13632,13.86,2026-4-23 02:24:02
4614,靜音鍵盤,13628,11.66,2026-4-23 12:09:26
4615,垃圾袋特大,13622,13.86,2026-4-23 04:26:30
4616,T恤男生,13620,11.92,2026-4-23 03:18:19
4617,地墊 大尺寸,13619,13.86,2026-4-23 05:07:25
4618,汽車遮陽罩,13616,13.86,2026-4-23 03:42:48
4619,健腹輪,13613,12.50,2026-4-23 09:18:21
4620,蟑螂藥,13607,11.92,2026-4-23 02:25:58
4621,高露潔牙膏,13607,11.92,2026-4-23 07:15:07
4622,辣條零食,13605,13.86,2026-4-22 11:04:33
4623,蛋盒,13604,13.86,2026-4-23 02:53:29
4624,瀝水盤,13603,13.86,2026-4-23 12:02:43
4625,帆布托特包 韓國,13601,13.86,2026-4-23 04:50:25
4626,吸鼻器,13599,13.86,2026-4-23 07:16:46
4627,兒童餐具,13596,13.86,2026-4-23 05:02:13
4628,泰國洋裝,13591,13.86,2026-4-23 03:21:34
4629,平底鍋不沾鍋,13589,13.86,2026-4-23 05:03:05
4630,設計師女裝,13583,13.86,2026-4-23 12:44:55
4631,altis 12代,13580,13.86,2026-4-23 04:14:35
4632,設計感長裙,13579,13.86,2026-4-23 05:06:39
4633,名牌零錢包,13575,13.86,2026-4-23 08:00:15
4634,小米平板,13571,13.86,2026-4-22 09:58:50
4635,D3,13571,11.92,2026-4-23 08:20:12
4636,磅秤,13566,11.92,2026-4-23 03:53:17
4637,登山褲,13562,13.86,2026-4-23 03:08:16
4638,30週年皮卡丘,13558,13.84,2026-4-22 02:34:22
4639,D+af,13553,13.86,2026-4-23 05:03:30
4640,蝦皮超市,13551,13.86,2026-4-23 04:52:26
4641,酷洛米周邊,13551,13.86,2026-4-23 03:24:43
4642,檸檬汁,13550,13.86,2026-4-23 04:28:17
4643,屏風隔板,13549,13.86,2026-4-23 03:16:08
4644,豆漿,13548,13.86,2026-4-23 10:33:23
4645,印度香皂 medimix,13536,13.86,2026-4-23 02:32:27
4646,女童泳衣,13535,13.86,2026-4-23 04:02:50
4647,海帶芽,13535,13.86,2026-4-22 10:12:51
4648,韓國ccd相機,13535,12.66,2026-4-22 12:02:19
4649,ipad mini,13534,13.84,2026-4-22 12:02:19
4650,圍巾,13530,11.92,2026-4-23 03:31:37
4651,特斯拉,13529,11.92,2026-4-23 08:51:48
4652,水壺提袋,13529,13.86,2026-4-23 05:07:16
4653,紅線汽油精,13527,13.86,2026-4-23 04:04:10
4654,鏡櫃,13525,13.86,2026-4-23 04:41:51
4655,寵物涼感墊,13524,13.86,2026-4-23 03:50:40
4656,迷你,13524,13.86,2026-4-23 04:23:54
4657,筋膜球,13517,13.86,2026-4-23 09:19:05
4658,即期禮盒出清,13516,13.86,2026-4-23 04:11:49
4659,紅包袋,13515,12.06,2026-4-23 04:56:14
4660,長褲女,13514,13.86,2026-4-23 04:56:48
4661,首飾盒,13511,13.86,2026-4-23 04:41:00
4662,高爾夫球鞋,13506,13.86,2026-4-23 12:10:40
4663,韓系上衣夏天,13506,13.86,2026-4-22 08:12:12
4664,衛生紙一箱,13505,11.92,2026-4-23 12:23:52
4665,柯達迷你相機,13503,13.86,2026-4-22 10:38:54
4666,宏綸,13503,13.86,2026-4-23 02:04:28
4667,滑鼠墊護腕,13500,11.66,2026-4-22 09:15:48
4668,韓國面膜,13500,11.92,2026-4-23 12:54:27
4669,moonstar 童鞋,13499,13.86,2026-4-23 04:35:41
4670,捕手手套,13499,13.86,2026-4-23 09:12:00
4671,小米15t pro手機殼,13496,13.86,2026-4-23 03:24:35
4672,i phone16手機殼,13495,13.86,2026-4-23 03:53:09
4673,小眾手機殼,13492,13.86,2026-4-23 02:21:13
4674,熱壓吐司機,13490,11.92,2026-4-23 02:42:46
4675,媽媽裝,13490,13.86,2026-4-23 04:24:25
4676,透膚罩衫,13489,13.86,2026-4-23 12:17:36
4677,5070,13485,13.86,2026-4-23 08:08:48
4678,不鏽鋼水槽,13481,13.86,2026-4-23 04:34:44
4679,霧燈,13480,13.86,2026-4-23 04:57:05
4680,飾品盒,13474,13.86,2026-4-23 04:41:00
4681,屁簾,13473,13.86,2026-4-23 02:20:07
4682,客廳桌,13470,13.86,2026-4-23 04:07:30
4683,奇奇怪怪的包包,13467,13.86,2026-4-23 04:23:15
4684,獅王,13461,13.86,2026-4-23 01:07:18
4685,制服,13460,13.86,2026-4-23 01:42:42
4686,網卡,13459,11.92,2026-4-23 01:47:52
4687,4mica配件,13455,13.86,2026-4-23 03:54:05
4688,麥茶,13454,13.86,2026-4-23 11:18:22
4689,二手書,13450,13.86,2026-4-23 12:31:00
4690,衣櫥防塵套,13450,13.86,2026-4-23 07:26:45
4691,哥德式護髮,13446,13.84,2026-4-22 03:50:08
4692,微醉,13445,13.86,2026-4-23 04:28:15
4693,海灘褲,13445,13.86,2026-4-23 03:08:16
4694,海邊衣服,13443,13.86,2026-4-23 12:26:22
4695,兒童餐椅,13435,13.86,2026-4-23 05:00:46
4696,ni and zp,13434,15.60,2025-5-29 12:01:44
4697,工業用電風扇,13433,13.86,2026-4-23 03:04:02
4698,iphone xs  手機殼,13432,194.15499,2024-4-26 10:13:02
4699,釣魚玩具,13432,13.86,2026-4-23 09:39:57
4700,泡泡水,13428,11.92,2026-4-23 03:57:44
4701,免洗 內 褲男生,13428,13.86,2026-4-23 03:18:31
4702,不鏽鋼置物架,13427,14.00,2026-4-23 12:33:34
4703,煞車油,13425,13.86,2026-4-23 12:02:11
4704,奶油,13424,13.86,2026-4-23 11:52:42
4705,睡衣裙,13423,13.86,2026-4-22 08:44:02
4706,代官山洋裝,13420,13.86,2026-4-23 02:27:20
4707,來一客泡麵,13419,13.86,2026-4-23 12:16:30
4708,大尺碼中國風,13416,13.86,2026-4-23 12:46:49
4709,kobe 6,13413,13.86,2026-4-23 04:56:56
4710,記憶枕,13412,11.92,2026-4-23 01:15:49
4711,微型電動二輪車,13404,13.86,2026-4-23 02:52:33
4712,婚禮穿搭套裝,13404,13.86,2026-4-23 08:39:04
4713,4mica,13401,13.86,2026-4-23 03:54:04
4714,三麗鷗吊飾,13400,13.86,2026-4-23 02:40:30
4715,ootd女裝服飾,13400,13.86,2026-4-23 02:15:49
4716,麗克特 調理機,13398,13.86,2026-4-23 02:04:37
4717,泡泡槍,13396,11.92,2026-4-23 02:38:56
4718,imos,13394,13.84,2026-4-22 01:04:48
4719,快來買戰鬥陀螺,13393,13.86,2026-4-23 03:28:12
4720,蜜餞,13391,13.86,2026-4-23 04:43:45
4721,mediheal 面膜,13387,13.86,2026-4-23 03:38:13
4722,直排輪,13385,12.06,2026-4-23 04:42:42
4723,owala 保溫瓶 正品,13383,13.86,2026-4-23 05:00:13
4724,V60,13377,13.86,2026-4-23 09:02:31
4725,薑黃粉,13377,13.86,2026-4-23 05:53:08
4726,塑料還原劑,13370,13.86,2026-4-23 01:21:15
4727,刺繡上衣,13364,13.86,2026-4-23 09:42:32
4728,閃亮上衣,13363,13.86,2026-4-23 07:43:16
4729,杯袋,13359,13.86,2026-4-23 05:07:16
4730,飛行外套,13356,11.92,2026-4-23 01:08:46
4731,kitty髮夾,13352,13.86,2026-4-23 02:40:23
4732,營釘,13350,13.86,2026-4-23 02:34:38
4733,廚餘桶,13350,14.00,2026-4-23 03:26:23
4734,潮港城 太陽百匯,13348,13.86,2026-4-23 09:46:39
4735,襯衫洋裝,13347,13.86,2026-4-23 12:58:44
4736,美式手機殼,13344,13.86,2026-4-23 01:51:30
4737,日本製水壺,13339,13.86,2026-4-23 12:45:55
4738,芝初高鈣黑芝麻粉8倍細,13339,13.84,2026-4-22 05:29:05
4739,花灑,13338,13.86,2026-4-23 01:11:02
4740,日系外搭背心,13338,13.86,2026-4-23 04:36:45
4741,poco x7,13337,13.86,2026-4-23 02:05:19
4742,厚底小白鞋,13335,11.92,2026-4-23 02:48:06
4743,嬰兒,13329,13.86,2026-4-23 04:13:33
4744,迷你玩具,13327,13.86,2026-4-23 03:55:46
4745,落水頭,13324,13.86,2026-4-23 12:14:47
4746,車用風扇,13320,13.86,2026-4-23 10:25:13
4747,earpods,13313,13.84,2026-4-22 12:02:15
4748,nike  sacai,13311,29.7366,2024-4-26 10:13:03
4749,跑步鞋,13310,13.86,2026-4-23 02:10:04
4750,仁山利舒,13308,13.84,2026-4-22 04:31:23
4751,迪桑特短褲,13308,13.86,2026-4-23 03:27:22
4752,運動器材,13307,11.92,2026-4-23 02:24:52
4753,樓梯,13305,11.92,2026-4-23 04:22:26
4754,速攻藍莓,13305,13.84,2026-4-22 02:11:08
4755,護照保護套,13305,12.00,2026-4-23 03:20:22
4756,臉盆,13303,11.92,2026-4-23 08:06:28
4757,經絡刷,13298,13.86,2026-4-23 03:39:28
4758,衣服男,13293,13.86,2026-4-22 10:50:16
4759,兒童後背包,13291,13.86,2026-4-23 01:35:21
4760,e27 led 燈泡,13289,13.86,2026-4-23 04:37:04
4761,乾噎酸奶,13288,13.86,2026-4-23 01:25:11
4762,奶粉分裝盒,13283,13.86,2026-4-23 10:38:38
4763,客製化禮品,13282,13.86,2026-4-23 04:21:31
4764,roots,13282,13.86,2026-4-23 04:49:48
4765,熊抱哥,13281,13.86,2026-4-23 12:19:17
4766,叉子,13279,11.92,2026-4-23 04:16:14
4767,電話機,13275,13.86,2026-4-23 03:54:03
4768,夫妻輔助,13275,13.86,2026-4-23 12:02:03
4769,女童涼鞋,13272,13.86,2026-4-23 05:06:19
4770,Biore,13270,24.00,2026-4-22 11:30:44
4771,17E,13269,13.86,2026-4-23 01:55:35
4772,小方包,13268,13.86,2026-4-23 12:35:19
4773,芙莉蓮 周邊,13265,13.86,2026-4-23 08:07:39
4774,復古,13263,13.86,2026-4-23 09:48:03
4775,越南米紙,13262,13.86,2026-4-23 01:16:12
4776,烤肉架,13256,13.86,2026-4-23 05:02:40
4777,休閒套裝裙,13253,13.86,2026-4-22 08:43:30
4778,兒童薄外套,13252,13.86,2026-4-23 04:53:19
4779,夜場上衣,13251,13.86,2026-4-23 04:11:51
4780,town ace,13250,13.86,2026-4-23 04:18:29
4781,薰衣草,13247,11.92,2026-4-23 12:41:11
4782,把手,13245,13.86,2026-4-23 02:06:52
4783,玄天上帝,13244,13.86,2026-4-23 01:20:32
4784,wildflower 手機殼,13243,13.86,2026-4-23 02:03:25
4785,背包女,13240,13.86,2026-4-23 04:48:36
4786,肥料,13240,13.86,2026-4-23 10:02:27
4787,needles,13239,13.86,2026-4-23 08:42:29
4788,pvc無粉手套,13239,13.86,2026-4-23 09:12:32
4789,STARBUCKS,13237,12.06,2026-4-23 04:47:24
4790,窄鞋架,13234,13.86,2026-4-23 04:15:52
4791,倉鼠墊料,13233,13.86,2026-4-23 04:52:42
4792,金運石,13232,13.86,2026-4-23 02:45:23
4793,防臭地漏,13231,13.86,2026-4-23 04:28:22
4794,床板,13231,11.92,2026-4-23 08:31:03
4795,行李箱吊牌,13230,13.86,2026-4-22 04:32:03
4796,胸墊睡衣,13230,13.86,2026-4-23 09:45:53
4797,耳穴貼,13225,13.86,2026-4-23 11:34:43
4798,隔板,13224,13.86,2026-4-22 10:43:18
4799,藍水戒指,13223,13.86,2026-4-23 03:51:15
4800,辣妹女裝,13222,13.86,2026-4-23 04:11:52
4801,腰鍊,13214,13.86,2026-4-23 06:18:55
4802,設計感襯衫,13213,13.86,2026-4-23 04:43:18
4803,自慰,13211,13.86,2026-4-23 12:18:22
4804,幼稚園生日分享禮物,13209,13.86,2026-4-23 01:24:37
4805,cx 13 龍王閃擊,13209,13.86,2026-4-23 09:01:51
4806,SONAX,13209,13.86,2026-4-23 02:55:41
4807,真空壓縮機,13206,13.86,2026-4-23 11:59:29
4808,衣櫃收納分層,13205,13.86,2026-4-23 12:10:50
4809,橄欖粉,13202,13.86,2026-4-23 04:50:35
4810,可愛面紙盒,13197,13.86,2026-4-23 01:41:55
4811,半框眼鏡,13196,13.86,2026-4-23 12:36:17
4812,血压機,13196,13.86,2026-4-23 04:05:00
4813,夏季套裝,13194,13.86,2026-4-23 04:01:28
4814,後背包 韓國小眾,13191,13.86,2026-4-23 07:48:14
4815,粉刺夾,13187,20.70,2026-4-23 04:01:48
4816,韓國上衣女正韓,13187,13.86,2026-4-23 04:40:28
4817,短板,13186,13.86,2026-4-23 11:20:34
4818,卡式零錢包,13185,13.86,2026-4-23 02:52:23
4819,刀片,13180,12.06,2026-4-23 04:36:42
4820,休足時間,13179,13.86,2026-4-23 09:23:44
4821,綁帶睡衣,13174,13.86,2026-4-23 04:58:18
4822,防水保潔墊,13168,11.92,2026-4-23 02:54:22
4823,防鳥刺,13166,13.86,2026-4-23 12:27:31
4824,鍵盤滑鼠組,13166,11.92,2026-4-23 01:25:44
4825,麻繩,13165,13.86,2026-4-23 04:10:50
4826,伸縮扣,13164,13.86,2026-4-23 05:07:20
4827,空力天馬,13162,13.84,2026-4-22 12:02:23
4828,電捲棒,13158,28.68,2026-4-23 04:06:25
4829,小卡展示架,13158,13.84,2026-4-22 01:12:22
4830,拼豆工具,13157,13.86,2026-4-23 06:22:14
4831,後背包 大容量,13157,13.86,2026-4-23 04:48:35
4832,電動泡沫噴壺,13156,11.92,2026-4-23 11:23:53
4833,傘繩,13153,13.86,2026-4-23 12:40:56
4834,igt,13152,11.66,2026-4-22 08:35:15
4835,色紙,13152,13.86,2026-4-23 11:39:40
4836,沙發墊 台灣製,13152,13.86,2026-4-23 02:59:04
4837,麥塊磁力方塊,13152,13.86,2026-4-22 05:30:01
4838,寵物尿墊,13145,13.86,2026-4-22 09:37:55
4839,床上桌,13144,13.86,2026-4-23 04:06:29
4840,工裝外套,13141,13.86,2026-4-23 10:39:30
4841,olay,13140,40.00,2026-4-23 01:59:32
4842,車用芳香劑,13137,11.92,2026-4-23 03:12:34
4843,土,13132,13.86,2026-4-23 12:08:18
4844,噗噗噠噠,13131,13.86,2026-4-23 03:58:28
4845,平口上衣,13124,13.86,2026-4-23 03:50:02
4846,元寶,13123,13.86,2026-4-23 12:05:15
4847,穿載式美甲片,13123,13.86,2026-4-23 04:28:05
4848,明星花露水,13118,13.86,2026-4-23 08:34:09
4849,怪獸部落,13116,13.84,2026-4-22 01:37:03
4850,健身,13114,11.66,2026-4-23 12:07:45
4851,免洗棉褲台灣製,13114,13.86,2026-4-23 12:05:05
4852,牛皮紙袋,13112,13.86,2026-4-23 03:20:48
4853,蓮花,13110,13.86,2026-4-23 04:25:09
4854,鮪魚罐頭,13110,11.92,2026-4-23 03:08:23
4855,研磨機,13108,13.86,2026-4-23 03:59:39
4856,血压計,13106,13.86,2026-4-23 04:05:00
4857,小蘇打粉,13106,13.86,2026-4-23 02:58:22
4858,小金豆,13105,13.86,2026-4-22 11:33:11
4859,化妝箱,13104,13.86,2026-4-23 03:57:52
4860,潮港城 太陽百匯 餐券,13104,13.86,2026-4-23 03:31:54
4861,網路卡,13102,11.92,2026-4-23 11:22:36
4862,涼被雙人,13099,12.06,2026-4-23 04:40:33
4863,厚底,13098,13.86,2026-4-23 02:48:06
4864,戒指女,13098,13.86,2026-4-23 03:09:58
4865,corolla cross,13096,13.86,2026-4-23 01:35:55
4866,買一送一衣服,13096,13.86,2026-4-23 04:56:43
4867,dickies,13094,13.86,2026-4-23 12:09:45
4868,血壓計,13089,13.86,2026-4-23 04:05:00
4869,除塵,13088,11.92,2026-4-23 04:09:38
4870,集線器,13087,12.06,2026-4-23 04:43:47
4871,重工牛仔褲,13086,13.86,2026-4-23 03:19:44
4872,白沙屯外套,13086,13.86,2026-4-23 04:46:07
4873,lightning 充電線,13086,13.86,2026-4-23 03:07:40
4874,樂高人偶,13084,13.86,2026-4-23 05:00:48
4875,兒童套裝,13083,11.92,2026-4-23 12:17:10
4876,耳塞睡眠專用,13082,13.86,2026-4-23 03:30:00
4877,保護殼,13081,13.86,2026-4-22 08:09:17
4878,防蚊貼片,13080,13.86,2026-4-23 10:11:27
4879,samsonite,13079,13.84,2026-4-22 03:00:03
4880,客製化手機殼,13079,13.86,2026-4-23 04:34:00
4881,黑芝麻,13077,13.86,2026-4-23 02:09:04
4882,花灰灰,13071,13.86,2026-4-23 02:21:01
4883,ipad  pro 11,13071,4.22773,2024-4-26 10:13:06
4884,足弓拖鞋,13068,13.86,2026-4-23 11:42:38
4885,動力沙,13068,13.86,2026-4-23 10:33:37
4886,防水膠帶,13068,13.86,2026-4-23 04:50:23
4887,滑雪機,13064,13.86,2026-4-23 03:18:28
4888,葬送的芙莉蓮,13059,13.86,2026-4-23 04:16:55
4889,比奇堡居民,13056,13.86,2026-4-23 01:23:07
4890,無線離子夾,13047,11.92,2026-4-23 11:06:01
4891,背包男,13040,11.92,2026-4-23 03:59:35
4892,真空封口機,13037,13.86,2026-4-23 04:39:20
4893,自動澆水器,13037,13.86,2026-4-23 01:54:46
4894,hello taiwan,13031,13.86,2026-4-23 01:29:58
4895,酸痛貼布,13028,13.86,2026-4-23 02:55:14
4896,紙碗,13028,13.86,2026-4-23 04:05:53
4897,夫妻套裝,13025,13.86,2026-4-23 12:14:03
4898,卡冊內頁,13021,13.86,2026-4-23 03:00:47
4899,ipad pro 11吋保護殼,13021,13.86,2026-4-23 04:08:37
4900,clarks,13020,13.86,2026-4-23 01:26:30
4901,通水管神器,13015,13.86,2026-4-23 11:09:01
4902,可愛套裝,13013,13.86,2026-4-23 03:27:26
4903,盆栽容器,13012,13.86,2026-4-23 04:41:59
4904,夏季 女裝 韓系氣質,13012,13.86,2026-4-23 01:13:58
4905,牛肉,13009,13.86,2026-4-23 03:45:19
4906,加熱便當盒,13009,13.86,2026-4-23 04:46:53
4907,kerastase,13008,13.86,2026-4-22 07:01:21
4908,好市多保鮮膜,13008,13.86,2026-4-23 12:24:16
4909,exo 手燈,13007,13.86,2026-4-23 01:47:44
4910,5xl女裝大尺碼,13004,13.86,2026-4-23 11:06:31
4911,手沖壺,13002,13.86,2026-4-23 01:41:26
4912,即期品食品,13002,13.86,2026-4-23 03:45:59
4913,菜瓜布瀝水架,13001,11.92,2026-4-23 11:53:14
4914,下睫毛,13001,11.92,2026-4-23 11:44:24
4915,壓克力顏料,13001,13.86,2026-4-23 04:49:12
4916,孔雀魚飼料,12997,13.86,2026-4-23 04:08:30
4917,桌面收納櫃,12996,13.86,2026-4-23 04:55:48
4918,活性碳,12995,11.92,2026-4-23 08:07:11
4919,液體電蚊香,12994,13.86,2026-4-23 12:19:48
4920,好神拖替換布,12993,13.86,2026-4-23 02:55:09
4921,糙米,12992,13.86,2026-4-23 03:07:56
4922,防風薄外套女,12990,13.86,2026-4-23 04:13:09
4923,安耐曬防曬,12989,11.66,2026-4-23 03:26:44
4924,吊帶上衣,12986,13.86,2026-4-23 10:23:10
4925,手帳貼紙,12985,13.86,2026-4-23 04:56:36
4926,鐵,12984,13.86,2026-4-23 04:09:02
4927,測距儀,12984,13.86,2026-4-23 09:51:15
4928,銀色包包,12981,13.86,2026-4-23 04:56:51
4929,女拖鞋,12977,13.86,2026-4-23 12:59:56
4930,杯刷,12975,13.86,2026-4-23 04:30:31
4931,韓國棉t,12975,13.86,2026-4-23 01:54:37
4932,nmax,12973,13.86,2026-4-23 04:14:02
4933,浴室排風扇,12972,13.86,2026-4-23 01:51:35
4934,美式女褲,12967,11.16,2026-1-30 08:29:34
4935,CRV,12966,13.86,2026-4-23 04:58:58
4936,遙控汽車,12966,13.86,2026-4-23 02:52:25
4937,肉乾,12964,26.66,2026-4-23 03:47:07
4938,包裝盒,12956,13.86,2026-4-23 04:40:59
4939,15,12954,11.92,2026-4-23 07:55:20
4940,皮克敏 花瓶,12952,13.84,2026-4-22 12:02:23
4941,9060,12949,13.86,2026-4-23 01:19:40
4942,大尺碼內衣,12948,13.86,2026-4-23 03:57:18
4943,優格菌粉,12946,13.86,2026-4-23 12:14:14
4944,iphone 保護貼,12943,25.00,2026-4-23 04:21:14
4945,耐熱袋 6兩,12943,13.86,2026-4-23 10:22:01
4946,補習袋,12940,13.86,2026-4-23 12:27:38
4947,多力多滋,12937,13.86,2026-4-23 11:51:28
4948,防蚊手環,12936,13.86,2026-4-23 10:11:27
4949,發財樹,12935,13.86,2026-4-23 06:47:04
4950,遊戲圍欄,12934,13.86,2026-4-23 10:14:11
4951,隱型眼鏡,12934,13.86,2026-4-23 10:01:37
4952,除蟎噴霧,12933,11.92,2026-4-23 08:29:14
4953,酵素果凍,12928,13.86,2026-4-23 03:35:43
4954,運動短褲女nike,12926,13.86,2026-4-23 09:28:10
4955,衛生紙套,12922,13.86,2026-4-23 01:41:55
4956,後背包男,12921,11.66,2026-4-23 12:01:38
4957,GUCCI包包,12919,13.86,2026-4-23 03:55:11
4958,女生衣服,12918,13.86,2026-4-23 04:56:43
4959,第五人格,12915,13.86,2026-4-23 12:22:51
4960,2aN,12912,13.86,2026-4-23 12:01:42
4961,特殊悠遊卡,12905,13.86,2026-4-23 04:10:36
4962,地漏蓋,12904,13.86,2026-4-22 07:07:36
4963,腰封,12903,13.86,2026-4-23 04:59:27
4964,奇奇蒂蒂,12902,13.86,2026-4-22 11:19:49
4965,隔尿墊,12901,13.86,2026-4-23 03:15:08
4966,矮櫃,12901,13.86,2026-4-23 04:51:58
4967,口金包,12895,13.86,2026-4-23 02:31:25
4968,蘋果手錶錶帶,12895,13.86,2026-4-23 04:38:14
4969,蛾蚋除蟲劑,12894,13.86,2026-4-23 01:47:38
4970,刨絲器,12891,13.86,2026-4-23 04:37:51
4971,tescom 吹風機,12891,13.86,2026-4-23 11:01:36
4972,hellotaiwan神明系列,12890,13.84,2026-4-22 03:02:17
4973,緊身上衣,12888,11.92,2026-4-23 02:07:08
4974,雷蛇,12888,13.86,2026-4-23 03:07:03
4975,花苞裙,12886,13.86,2026-4-23 01:21:33
4976,mucent 包包,12885,13.86,2026-4-23 10:08:33
4977,衣物收納箱,12879,13.86,2026-4-23 04:33:43
4978,日立除濕機,12878,20.00,2026-4-23 04:29:38
4979,揪探吉衛生紙,12876,13.86,2026-4-23 03:46:45
4980,隔日到貨洋裝,12875,13.84,2026-4-22 11:41:03
4981,雞蛋糕模具,12874,13.86,2026-4-23 02:22:50
4982,魚,12869,13.86,2026-4-23 04:44:04
4983,飛機,12869,13.86,2026-4-23 04:32:39
4984,古風洋裝,12867,13.86,2026-4-23 12:28:48
4985,油炸鍋,12865,13.86,2026-4-23 08:35:39
4986,髮根蓬鬆夾,12864,13.86,2026-4-23 04:54:09
4987,丁字 內 褲 女,12863,13.86,2026-4-23 12:38:37
4988,平口洋裝,12862,13.86,2026-4-23 02:18:56
4989,動物森友會,12862,13.86,2026-4-23 12:06:31
4990,腳鍊,12862,13.86,2026-4-23 12:12:07
4991,遙控直升機,12857,13.86,2026-4-23 03:55:19
4992,uag,12855,16.00,2026-4-23 03:11:35
4993,K1,12854,13.86,2026-4-23 12:40:08
4994,洞洞鞋男,12848,13.86,2026-4-23 02:23:28
4995,鑽,12847,11.92,2026-4-23 03:42:03
4996,車用掛勾,12845,13.86,2026-4-23 03:28:21
4997,吳明珠 七子白珍珠面霜,12842,13.86,2026-4-23 04:05:19
4998,法國小眾包包,12841,13.86,2026-4-23 03:25:09
4999,雅漾,12834,11.92,2026-4-23 12:09:56
5000,置物盒,12833,13.86,2026-4-23 04:58:21
